样本编号,视频编号,验证折号
-3g5yACwYnA$_$4,-3g5yACwYnA,4
-HwX2H8Z4hY$_$3,-HwX2H8Z4hY,1
-HwX2H8Z4hY$_$9,-HwX2H8Z4hY,1
-NFrJFQijFE$_$0,-NFrJFQijFE,4
-THoVjtIkeU$_$2,-THoVjtIkeU,0
-UuX1xuaiiE$_$9,-UuX1xuaiiE,0
-WXXTNIJcVM$_$0,-WXXTNIJcVM,3
-a55Q6RWvTA$_$3,-a55Q6RWvTA,1
-aNfi7CP8vM$_$10,-aNfi7CP8vM,3
-aqamKhZ1Ec$_$1,-aqamKhZ1Ec,3
-aqamKhZ1Ec$_$0,-aqamKhZ1Ec,3
-dxfTGcXJoc$_$0,-dxfTGcXJoc,4
-dxfTGcXJoc$_$6,-dxfTGcXJoc,4
-egA8-b7-3M$_$3,-egA8-b7-3M,0
-lqc32Zpr7M$_$18,-lqc32Zpr7M,4
-lzEya4AM_4$_$6,-lzEya4AM_4,0
-mJ2ud6oKI8$_$9,-mJ2ud6oKI8,1
-mqbVkbCndg$_$1,-mqbVkbCndg,4
-mqbVkbCndg$_$4,-mqbVkbCndg,4
-tPCytz4rww$_$16,-tPCytz4rww,4
-vxjVxOeScU$_$2,-vxjVxOeScU,3
-wny0OAz3g8$_$0,-wny0OAz3g8,0
-wny0OAz3g8$_$5,-wny0OAz3g8,0
03X1FwF6udc$_$22,03X1FwF6udc,2
07Z16yRBFUQ$_$5,07Z16yRBFUQ,4
0BVed2nBq1g$_$0,0BVed2nBq1g,1
0BVed2nBq1g$_$3,0BVed2nBq1g,1
0BVed2nBq1g$_$2,0BVed2nBq1g,1
0DBfvvIVmqY$_$13,0DBfvvIVmqY,3
0DBfvvIVmqY$_$14,0DBfvvIVmqY,3
0DBfvvIVmqY$_$4,0DBfvvIVmqY,3
0DBfvvIVmqY$_$8,0DBfvvIVmqY,3
0EphpADwdPg$_$6,0EphpADwdPg,1
0FA32bEZ6xI$_$24,0FA32bEZ6xI,1
0FA32bEZ6xI$_$25,0FA32bEZ6xI,1
0FA32bEZ6xI$_$28,0FA32bEZ6xI,1
0FA32bEZ6xI$_$3,0FA32bEZ6xI,1
0FA32bEZ6xI$_$6,0FA32bEZ6xI,1
0FA32bEZ6xI$_$15,0FA32bEZ6xI,1
0FA32bEZ6xI$_$14,0FA32bEZ6xI,1
0FA32bEZ6xI$_$18,0FA32bEZ6xI,1
0JuRmhhgMw8$_$0,0JuRmhhgMw8,2
0OC3wf9x3zQ$_$7,0OC3wf9x3zQ,4
0OC3wf9x3zQ$_$6,0OC3wf9x3zQ,4
0OXeN3MhFeA$_$19,0OXeN3MhFeA,0
0OXeN3MhFeA$_$18,0OXeN3MhFeA,0
0OXeN3MhFeA$_$15,0OXeN3MhFeA,0
0Svu5BldR5A$_$0,0Svu5BldR5A,3
0YdYFtVdlWE$_$7,0YdYFtVdlWE,0
0YdYFtVdlWE$_$6,0YdYFtVdlWE,0
0YdYFtVdlWE$_$8,0YdYFtVdlWE,0
0YdYFtVdlWE$_$10,0YdYFtVdlWE,0
0YdYFtVdlWE$_$15,0YdYFtVdlWE,0
0YdYFtVdlWE$_$14,0YdYFtVdlWE,0
0bsTzavb-AE$_$3,0bsTzavb-AE,1
0hCOCt6fWas$_$15,0hCOCt6fWas,2
0hCOCt6fWas$_$2,0hCOCt6fWas,2
0hCihQ5Kep0$_$3,0hCihQ5Kep0,4
0hCihQ5Kep0$_$4,0hCihQ5Kep0,4
0jtdrsmVzYQ$_$5,0jtdrsmVzYQ,1
0mXv97u2OCM$_$7,0mXv97u2OCM,0
0p9XKC_J3hU$_$2,0p9XKC_J3hU,0
0rE8jEvQW_I$_$3,0rE8jEvQW_I,1
0rE8jEvQW_I$_$4,0rE8jEvQW_I,1
0rE8jEvQW_I$_$9,0rE8jEvQW_I,1
0tkWa2skSmA$_$8,0tkWa2skSmA,3
0tkWa2skSmA$_$6,0tkWa2skSmA,3
100499$_$5,100499,0
100499$_$4,100499,0
101851$_$13,101851,1
101851$_$14,101851,1
101851$_$16,101851,1
101851$_$0,101851,1
102184$_$12,102184,0
102184$_$1,102184,0
102184$_$3,102184,0
102184$_$7,102184,0
10223$_$1,10223,4
10223$_$9,10223,4
106077$_$1,106077,2
106077$_$2,106077,2
106077$_$7,106077,2
106514$_$10,106514,4
106514$_$2,106514,4
106514$_$9,106514,4
106941$_$10,106941,1
106941$_$12,106941,1
106941$_$3,106941,1
106941$_$2,106941,1
106941$_$7,106941,1
106941$_$9,106941,1
106941$_$8,106941,1
107551$_$1,107551,0
107551$_$3,107551,0
107551$_$5,107551,0
107551$_$6,107551,0
108793$_$10,108793,4
108793$_$17,108793,4
108793$_$1,108793,4
108793$_$0,108793,4
108793$_$8,108793,4
110203$_$2,110203,1
110203$_$7,110203,1
110754$_$3,110754,1
110754$_$2,110754,1
110766$_$8,110766,1
110788$_$0,110788,4
110788$_$5,110788,4
112148$_$12,112148,1
112148$_$5,112148,1
112148$_$4,112148,1
112148$_$7,112148,1
112169$_$7,112169,2
112604$_$1,112604,1
112631$_$1,112631,1
112631$_$6,112631,1
112903$_$0,112903,3
112903$_$3,112903,3
112903$_$6,112903,3
113265$_$3,113265,3
113265$_$4,113265,3
114624$_$11,114624,2
114624$_$6,114624,2
114624$_$8,114624,2
11650$_$0,11650,0
11650$_$3,11650,0
11650$_$4,11650,0
11650$_$13,11650,0
11650$_$18,11650,0
119348$_$11,119348,4
119348$_$3,119348,4
119348$_$2,119348,4
120vnZnmhq4$_$2,120vnZnmhq4,0
121358$_$1,121358,1
121358$_$4,121358,1
121358$_$10,121358,1
121358$_$13,121358,1
121358$_$15,121358,1
121358$_$14,121358,1
122439$_$4,122439,4
122602$_$12,122602,4
122602$_$15,122602,4
122602$_$0,122602,4
122602$_$4,122602,4
122842$_$1,122842,1
122842$_$6,122842,1
125730$_$12,125730,1
125730$_$1,125730,1
125730$_$0,125730,1
125730$_$2,125730,1
125730$_$8,125730,1
125845$_$1,125845,1
125845$_$3,125845,1
125845$_$5,125845,1
126542$_$11,126542,1
126542$_$12,126542,1
126542$_$17,126542,1
126542$_$16,126542,1
126542$_$3,126542,1
126831$_$10,126831,3
126831$_$3,126831,3
127470$_$5,127470,0
127470$_$6,127470,0
127539$_$5,127539,1
127539$_$7,127539,1
127539$_$6,127539,1
127539$_$9,127539,1
127539$_$8,127539,1
12812$_$3,12812,3
12812$_$6,12812,3
128258$_$13,128258,1
128258$_$1,128258,1
128752$_$15,128752,2
128752$_$16,128752,2
128752$_$3,128752,2
128752$_$7,128752,2
128752$_$9,128752,2
128949$_$2,128949,4
129733$_$7,129733,3
130149$_$3,130149,2
130149$_$6,130149,2
130426$_$0,130426,4
130426$_$6,130426,4
130633$_$5,130633,1
130633$_$7,130633,1
131650$_$1,131650,0
131650$_$0,131650,0
131650$_$3,131650,0
131650$_$9,131650,0
131871$_$1,131871,0
131936$_$2,131936,4
131936$_$4,131936,4
134252$_$1,134252,3
134252$_$0,134252,3
136205$_$12,136205,3
136205$_$0,136205,3
136205$_$6,136205,3
136211$_$3,136211,2
136211$_$2,136211,2
137827$_$1,137827,4
137827$_$2,137827,4
137827$_$4,137827,4
139006$_$12,139006,3
139006$_$3,139006,3
139032$_$16,139032,0
139032$_$3,139032,0
13JpsLvddoY$_$8,13JpsLvddoY,2
13JpsLvddoY$_$7,13JpsLvddoY,2
140293$_$0,140293,4
140317$_$5,140317,2
140317$_$7,140317,2
154449$_$2,154449,2
154449$_$4,154449,2
154449$_$6,154449,2
154449$_$8,154449,2
15837$_$1,15837,4
15837$_$9,15837,4
15Wu4U2VPLw$_$2,15Wu4U2VPLw,0
15Wu4U2VPLw$_$4,15Wu4U2VPLw,0
15Wu4U2VPLw$_$6,15Wu4U2VPLw,0
15ktF-6wutk$_$4,15ktF-6wutk,1
180923$_$14,180923,2
180923$_$5,180923,2
180923$_$4,180923,2
180923$_$6,180923,2
184784$_$6,184784,1
186631$_$10,186631,4
186631$_$6,186631,4
188122$_$12,188122,3
188122$_$16,188122,3
188122$_$9,188122,3
189966$_$21,189966,2
189966$_$22,189966,2
189966$_$2,189966,2
189966$_$4,189966,2
189966$_$6,189966,2
189966$_$12,189966,2
189966$_$14,189966,2
189966$_$16,189966,2
189966$_$19,189966,2
18JTkk8JbeU$_$6,18JTkk8JbeU,0
18QjfdhJEM4$_$14,18QjfdhJEM4,3
18QjfdhJEM4$_$17,18QjfdhJEM4,3
18QjfdhJEM4$_$23,18QjfdhJEM4,3
18QjfdhJEM4$_$4,18QjfdhJEM4,3
190740$_$2,190740,4
190740$_$4,190740,4
190740$_$7,190740,4
190740$_$6,190740,4
192799$_$10,192799,2
192799$_$17,192799,2
192799$_$7,192799,2
192799$_$8,192799,2
194625$_$16,194625,1
194625$_$18,194625,1
194625$_$5,194625,1
194625$_$7,194625,1
197778$_$11,197778,0
197778$_$2,197778,0
197778$_$4,197778,0
197778$_$9,197778,0
19k6sEC7814$_$10,19k6sEC7814,2
19k6sEC7814$_$4,19k6sEC7814,2
1A-aRhYx-GQ$_$15,1A-aRhYx-GQ,4
1A-aRhYx-GQ$_$31,1A-aRhYx-GQ,4
1A-aRhYx-GQ$_$7,1A-aRhYx-GQ,4
1A7dqFxx8wU$_$0,1A7dqFxx8wU,1
1CjUHNYzW1E$_$11,1CjUHNYzW1E,0
1ESU5ONMMxs$_$14,1ESU5ONMMxs,1
1ESU5ONMMxs$_$0,1ESU5ONMMxs,1
1ESU5ONMMxs$_$6,1ESU5ONMMxs,1
1ESU5ONMMxs$_$8,1ESU5ONMMxs,1
1F0qH0EEBfo$_$21,1F0qH0EEBfo,1
1F0qH0EEBfo$_$1,1F0qH0EEBfo,1
1F0qH0EEBfo$_$0,1F0qH0EEBfo,1
1F0qH0EEBfo$_$5,1F0qH0EEBfo,1
1F0qH0EEBfo$_$9,1F0qH0EEBfo,1
1F0qH0EEBfo$_$15,1F0qH0EEBfo,1
1F0qH0EEBfo$_$14,1F0qH0EEBfo,1
1JQ9UCBEmCU$_$1,1JQ9UCBEmCU,0
1JQ9UCBEmCU$_$0,1JQ9UCBEmCU,0
1W38PnuWIkM$_$3,1W38PnuWIkM,1
1W38PnuWIkM$_$5,1W38PnuWIkM,1
1W38PnuWIkM$_$4,1W38PnuWIkM,1
1W38PnuWIkM$_$6,1W38PnuWIkM,1
1bzS0YF5hfs$_$1,1bzS0YF5hfs,4
1dWsw38VDjY$_$9,1dWsw38VDjY,2
1fqNb8cfLFE$_$2,1fqNb8cfLFE,1
1k7br8xXMSU$_$11,1k7br8xXMSU,4
1k7br8xXMSU$_$12,1k7br8xXMSU,4
1mHjMNZZvFo$_$1,1mHjMNZZvFo,0
1mHjMNZZvFo$_$5,1mHjMNZZvFo,0
1pvK0_9SQns$_$10,1pvK0_9SQns,1
1pvK0_9SQns$_$8,1pvK0_9SQns,1
1sJjdaXXuJg$_$4,1sJjdaXXuJg,3
1tuMFJnlXJc$_$20,1tuMFJnlXJc,0
1tuMFJnlXJc$_$1,1tuMFJnlXJc,0
1tuMFJnlXJc$_$3,1tuMFJnlXJc,0
1tuMFJnlXJc$_$4,1tuMFJnlXJc,0
2-4autDbHVQ$_$12,2-4autDbHVQ,3
2-4autDbHVQ$_$19,2-4autDbHVQ,3
2-4autDbHVQ$_$8,2-4autDbHVQ,3
2-5hH_k2VFk$_$9,2-5hH_k2VFk,0
201582$_$2,201582,3
201582$_$6,201582,3
202431$_$6,202431,3
202810$_$7,202810,0
202810$_$8,202810,0
202990$_$5,202990,0
202990$_$6,202990,0
206049$_$0,206049,2
206049$_$3,206049,2
206051$_$2,206051,2
206376$_$2,206376,3
206507$_$2,206507,1
206507$_$6,206507,1
206606$_$5,206606,4
206606$_$7,206606,4
207812$_$3,207812,3
207812$_$9,207812,3
207812$_$8,207812,3
208148$_$11,208148,2
208148$_$6,208148,2
208299$_$5,208299,1
208299$_$4,208299,1
208299$_$6,208299,1
208299$_$8,208299,1
208416$_$11,208416,4
208416$_$13,208416,4
208416$_$16,208416,4
208416$_$0,208416,4
208416$_$2,208416,4
208416$_$7,208416,4
208416$_$9,208416,4
208416$_$8,208416,4
209354$_$1,209354,3
209354$_$2,209354,3
209775$_$10,209775,4
209775$_$1,209775,4
209775$_$0,209775,4
209775$_$5,209775,4
210238$_$13,210238,4
210238$_$14,210238,4
210238$_$16,210238,4
210238$_$18,210238,4
210238$_$1,210238,4
210618$_$11,210618,1
210618$_$10,210618,1
210618$_$15,210618,1
210618$_$5,210618,1
210618$_$9,210618,1
210618$_$8,210618,1
21137$_$1,21137,2
21137$_$0,21137,2
21137$_$3,21137,2
21137$_$2,21137,2
21137$_$9,21137,2
212532$_$10,212532,2
212532$_$9,212532,2
213619$_$0,213619,0
213619$_$3,213619,0
214095$_$11,214095,0
214095$_$1,214095,0
214095$_$4,214095,0
215259$_$5,215259,4
215259$_$4,215259,4
216007$_$24,216007,3
216007$_$28,216007,3
216007$_$29,216007,3
216007$_$1,216007,3
216007$_$2,216007,3
216007$_$5,216007,3
216007$_$9,216007,3
216007$_$12,216007,3
21638$_$1,21638,4
21638$_$0,21638,4
21638$_$6,21638,4
216857$_$1,216857,1
216857$_$3,216857,1
216857$_$6,216857,1
216857$_$10,216857,1
218708$_$13,218708,1
218708$_$12,218708,1
218708$_$15,218708,1
218708$_$17,218708,1
218708$_$1,218708,1
218708$_$0,218708,1
218708$_$8,218708,1
219310$_$0,219310,0
219310$_$2,219310,0
219775$_$0,219775,2
219775$_$5,219775,2
220134$_$27,220134,2
220134$_$21,220134,2
220134$_$8,220134,2
220134$_$17,220134,2
220548$_$20,220548,1
220548$_$1,220548,1
220548$_$7,220548,1
221740$_$0,221740,1
221740$_$5,221740,1
222116$_$1,222116,4
222116$_$7,222116,4
222116$_$6,222116,4
223926$_$1,223926,2
224599$_$1,224599,4
224599$_$2,224599,4
224599$_$5,224599,4
224599$_$8,224599,4
224772$_$12,224772,2
224772$_$14,224772,2
224772$_$1,224772,2
224772$_$6,224772,2
224869$_$10,224869,3
224869$_$0,224869,3
224869$_$3,224869,3
224869$_$5,224869,3
225343$_$10,225343,1
225343$_$14,225343,1
225343$_$3,225343,1
225343$_$9,225343,1
225416$_$14,225416,1
225416$_$1,225416,1
225416$_$3,225416,1
225416$_$8,225416,1
225768$_$6,225768,0
227173$_$12,227173,3
227173$_$6,227173,3
227416$_$1,227416,3
227416$_$0,227416,3
227416$_$3,227416,3
227416$_$5,227416,3
227416$_$8,227416,3
227426$_$19,227426,4
227426$_$18,227426,4
227426$_$0,227426,4
227426$_$8,227426,4
22821$_$14,22821,3
22821$_$1,22821,3
22821$_$0,22821,3
22821$_$4,22821,3
22821$_$9,22821,3
22880$_$2,22880,1
22880$_$6,22880,1
229090$_$15,229090,2
229090$_$16,229090,2
229090$_$18,229090,2
229903$_$0,229903,2
229903$_$3,229903,2
229967$_$2,229967,3
230252$_$1,230252,4
231025$_$11,231025,4
231025$_$15,231025,4
231025$_$14,231025,4
231025$_$16,231025,4
231025$_$0,231025,4
231025$_$9,231025,4
233171$_$1,233171,0
233171$_$7,233171,0
233356$_$1,233356,1
233356$_$3,233356,1
233366$_$4,233366,1
233389$_$0,233389,1
233389$_$5,233389,1
234053$_$26,234053,3
234053$_$21,234053,3
234053$_$1,234053,3
234053$_$11,234053,3
234053$_$17,234053,3
234053$_$19,234053,3
234053$_$18,234053,3
234587$_$2,234587,3
234587$_$5,234587,3
234587$_$11,234587,3
234587$_$14,234587,3
234587$_$16,234587,3
234587$_$19,234587,3
236399$_$4,236399,3
236696$_$7,236696,2
238023$_$22,238023,4
238023$_$1,238023,4
238023$_$37,238023,4
238039$_$6,238039,2
238060$_$13,238060,3
238060$_$18,238060,3
238060$_$5,238060,3
238060$_$7,238060,3
238100$_$3,238100,4
238645$_$20,238645,2
238645$_$23,238645,2
238645$_$0,238645,2
238645$_$6,238645,2
238645$_$8,238645,2
238889$_$2,238889,3
238889$_$5,238889,3
238889$_$4,238889,3
238889$_$6,238889,3
239235$_$11,239235,4
239235$_$13,239235,4
239235$_$1,239235,4
239235$_$4,239235,4
239235$_$8,239235,4
239572$_$2,239572,3
239572$_$4,239572,3
23YlZoucbyM$_$4,23YlZoucbyM,1
240915$_$1,240915,4
240915$_$2,240915,4
240915$_$8,240915,4
241164$_$10,241164,4
241164$_$1,241164,4
241164$_$0,241164,4
241164$_$9,241164,4
241172$_$3,241172,4
241172$_$7,241172,4
24202$_$10,24202,3
24202$_$5,24202,3
24202$_$4,24202,3
24202$_$9,24202,3
243338$_$20,243338,2
243338$_$21,243338,2
243338$_$22,243338,2
243338$_$9,243338,2
243341$_$23,243341,0
243341$_$2,243341,0
243341$_$7,243341,0
243341$_$10,243341,0
243341$_$14,243341,0
244180$_$20,244180,1
244180$_$4,244180,1
244180$_$19,244180,1
244180$_$18,244180,1
244261$_$24,244261,2
244261$_$20,244261,2
244261$_$4,244261,2
244261$_$7,244261,2
244261$_$12,244261,2
244261$_$14,244261,2
244623$_$4,244623,0
244623$_$9,244623,0
244623$_$11,244623,0
244623$_$17,244623,0
244623$_$37,244623,0
244817$_$2,244817,4
244817$_$5,244817,4
244817$_$9,244817,4
245243$_$4,245243,2
245276$_$2,245276,1
245276$_$4,245276,1
245276$_$7,245276,1
245497$_$1,245497,4
245497$_$2,245497,4
245497$_$4,245497,4
247382$_$1,247382,0
247382$_$2,247382,0
247382$_$6,247382,0
247382$_$9,247382,0
247382$_$11,247382,0
247382$_$13,247382,0
247382$_$14,247382,0
248837$_$12,248837,4
248837$_$6,248837,4
24xayGF5yYA$_$24,24xayGF5yYA,2
24xayGF5yYA$_$26,24xayGF5yYA,2
24xayGF5yYA$_$3,24xayGF5yYA,2
24xayGF5yYA$_$2,24xayGF5yYA,2
24xayGF5yYA$_$10,24xayGF5yYA,2
24xayGF5yYA$_$15,24xayGF5yYA,2
24xayGF5yYA$_$16,24xayGF5yYA,2
250430$_$11,250430,2
250430$_$10,250430,2
250430$_$6,250430,2
251417$_$1,251417,1
251417$_$0,251417,1
251646$_$13,251646,0
251646$_$2,251646,0
251646$_$4,251646,0
251646$_$7,251646,0
251826$_$6,251826,3
251839$_$13,251839,2
252177$_$2,252177,2
252177$_$4,252177,2
252177$_$9,252177,2
25271$_$10,25271,3
25271$_$0,25271,3
254298$_$14,254298,0
254298$_$0,254298,0
254298$_$2,254298,0
25522$_$0,25522,4
25522$_$3,25522,4
25522$_$5,25522,4
255224$_$1,255224,3
255224$_$5,255224,3
255224$_$9,255224,3
255224$_$8,255224,3
255226$_$5,255226,3
255226$_$8,255226,3
255338$_$1,255338,1
255338$_$2,255338,1
255338$_$5,255338,1
255338$_$7,255338,1
255338$_$8,255338,1
255343$_$0,255343,1
255343$_$5,255343,1
255343$_$8,255343,1
255852$_$0,255852,0
255852$_$6,255852,0
255852$_$8,255852,0
256174$_$6,256174,4
256935$_$0,256935,3
256935$_$4,256935,3
256935$_$9,256935,3
256935$_$10,256935,3
256976$_$12,256976,0
256976$_$2,256976,0
256976$_$4,256976,0
257045$_$11,257045,4
257045$_$1,257045,4
257531$_$15,257531,2
257531$_$17,257531,2
257531$_$1,257531,2
257531$_$2,257531,2
257771$_$15,257771,2
257771$_$0,257771,2
257771$_$3,257771,2
257771$_$8,257771,2
259260$_$26,259260,3
259260$_$20,259260,3
259260$_$22,259260,3
259260$_$1,259260,3
259260$_$37,259260,3
25t8nrkUfRY$_$1,25t8nrkUfRY,3
260011$_$20,260011,3
260011$_$16,260011,3
260011$_$0,260011,3
260011$_$3,260011,3
261267$_$11,261267,3
261267$_$12,261267,3
261267$_$15,261267,3
261267$_$16,261267,3
261267$_$19,261267,3
261267$_$18,261267,3
261267$_$2,261267,3
261267$_$4,261267,3
261267$_$8,261267,3
261326$_$0,261326,1
261326$_$3,261326,1
261900$_$24,261900,3
261900$_$27,261900,3
261900$_$7,261900,3
261900$_$9,261900,3
261900$_$8,261900,3
261900$_$30,261900,3
261900$_$36,261900,3
261900$_$34,261900,3
261900$_$33,261900,3
261902$_$0,261902,4
261902$_$10,261902,4
261902$_$15,261902,4
261902$_$18,261902,4
262165$_$22,262165,4
262165$_$2,262165,4
262165$_$4,262165,4
262165$_$7,262165,4
262165$_$6,262165,4
262165$_$8,262165,4
262165$_$13,262165,4
262165$_$15,262165,4
262165$_$17,262165,4
262165$_$19,262165,4
262165$_$18,262165,4
264418$_$10,264418,4
264418$_$13,264418,4
264418$_$15,264418,4
264418$_$4,264418,4
264418$_$6,264418,4
264446$_$23,264446,2
264446$_$44,264446,2
264446$_$43,264446,2
264446$_$2,264446,2
264446$_$38,264446,2
264446$_$15,264446,2
264446$_$14,264446,2
265959$_$11,265959,3
265959$_$15,265959,3
265959$_$16,265959,3
265959$_$0,265959,3
265959$_$2,265959,3
265959$_$5,265959,3
265959$_$7,265959,3
265959$_$9,265959,3
266366$_$14,266366,0
266366$_$16,266366,0
266366$_$1,266366,0
266366$_$0,266366,0
266366$_$7,266366,0
266366$_$8,266366,0
266396$_$55,266396,1
266396$_$82,266396,1
266396$_$80,266396,1
266396$_$87,266396,1
266396$_$85,266396,1
266396$_$33,266396,1
266396$_$91,266396,1
266396$_$93,266396,1
266396$_$10,266396,1
266396$_$18,266396,1
266396$_$44,266396,1
266396$_$45,266396,1
266396$_$43,266396,1
266396$_$74,266396,1
266852$_$25,266852,3
266852$_$20,266852,3
266852$_$2,266852,3
266852$_$13,266852,3
266938$_$42,266938,0
266938$_$43,266938,0
266938$_$23,266938,0
266938$_$25,266938,0
266938$_$20,266938,0
266938$_$49,266938,0
266938$_$29,266938,0
266938$_$0,266938,0
266938$_$8,266938,0
266938$_$38,266938,0
266938$_$10,266938,0
266938$_$15,266938,0
266938$_$16,266938,0
266938$_$54,266938,0
267252$_$10,267252,2
267252$_$13,267252,2
267255$_$10,267255,2
267255$_$13,267255,2
267255$_$15,267255,2
267255$_$16,267255,2
267255$_$3,267255,2
267255$_$7,267255,2
267255$_$9,267255,2
267278$_$1,267278,4
267278$_$4,267278,4
267278$_$9,267278,4
267278$_$11,267278,4
267278$_$14,267278,4
267278$_$19,267278,4
267799$_$2,267799,3
267799$_$6,267799,3
268836$_$2,268836,3
268836$_$7,268836,3
268836$_$6,268836,3
268836$_$12,268836,3
268836$_$15,268836,3
268836$_$18,268836,3
268836$_$34,268836,3
270416$_$11,270416,0
270416$_$13,270416,0
270444$_$5,270444,4
270449$_$10,270449,0
270449$_$4,270449,0
270628$_$24,270628,3
270628$_$26,270628,3
270628$_$21,270628,3
270628$_$22,270628,3
270628$_$0,270628,3
270628$_$14,270628,3
270665$_$25,270665,0
270665$_$20,270665,0
270665$_$22,270665,0
270665$_$0,270665,0
270665$_$6,270665,0
270665$_$9,270665,0
270665$_$13,270665,0
270956$_$3,270956,3
270956$_$9,270956,3
270956$_$8,270956,3
271366$_$26,271366,2
271366$_$21,271366,2
271366$_$41,271366,2
271366$_$3,271366,2
271366$_$5,271366,2
271366$_$7,271366,2
271366$_$38,271366,2
271366$_$13,271366,2
271366$_$17,271366,2
271366$_$35,271366,2
271366$_$34,271366,2
271594$_$24,271594,3
271594$_$23,271594,3
271594$_$37,271594,3
271594$_$34,271594,3
271598$_$28,271598,2
271598$_$10,271598,2
271598$_$13,271598,2
271598$_$17,271598,2
271598$_$16,271598,2
272375$_$11,272375,3
272375$_$18,272375,3
272375$_$0,272375,3
273171$_$15,273171,3
273171$_$1,273171,3
273237$_$23,273237,0
273237$_$1,273237,0
273237$_$3,273237,0
273237$_$11,273237,0
273237$_$13,273237,0
273237$_$12,273237,0
273237$_$14,273237,0
273237$_$17,273237,0
273314$_$1,273314,4
273314$_$4,273314,4
273531$_$2,273531,0
273531$_$7,273531,0
273531$_$10,273531,0
273531$_$19,273531,0
274219$_$11,274219,0
274219$_$3,274219,0
274219$_$2,274219,0
274219$_$4,274219,0
275248$_$0,275248,3
275620$_$3,275620,1
275620$_$4,275620,1
275620$_$12,275620,1
275620$_$19,275620,1
276217$_$24,276217,3
276217$_$22,276217,3
276217$_$6,276217,3
276217$_$9,276217,3
276217$_$38,276217,3
276217$_$12,276217,3
276217$_$32,276217,3
276217$_$36,276217,3
276217$_$19,276217,3
276217$_$18,276217,3
27798$_$11,27798,1
27798$_$12,27798,1
27798$_$15,27798,1
27798$_$5,27798,1
278474$_$3,278474,1
278474$_$4,278474,1
27ubp7CLLKQ$_$14,27ubp7CLLKQ,3
282560$_$15,282560,1
282560$_$1,282560,1
282560$_$3,282560,1
282560$_$5,282560,1
282560$_$4,282560,1
282560$_$7,282560,1
282560$_$6,282560,1
282560$_$9,282560,1
282586$_$25,282586,1
282586$_$22,282586,1
282586$_$3,282586,1
282586$_$4,282586,1
282586$_$12,282586,1
282586$_$16,282586,1
283495$_$7,283495,0
284673$_$14,284673,0
284673$_$18,284673,0
284673$_$5,284673,0
284673$_$8,284673,0
288714$_$15,288714,0
288714$_$17,288714,0
288714$_$5,288714,0
288714$_$8,288714,0
288766$_$21,288766,4
288766$_$2,288766,4
288766$_$7,288766,4
288766$_$17,288766,4
290088$_$4,290088,2
29044$_$12,29044,4
29044$_$3,29044,4
29044$_$2,29044,4
29044$_$4,29044,4
291121$_$7,291121,2
292277$_$10,292277,1
292277$_$2,292277,1
292277$_$5,292277,1
292277$_$4,292277,1
294178$_$11,294178,0
294178$_$14,294178,0
294178$_$1,294178,0
294178$_$0,294178,0
294178$_$3,294178,0
294178$_$7,294178,0
295793$_$14,295793,0
295793$_$3,295793,0
295793$_$9,295793,0
298736$_$26,298736,2
298736$_$22,298736,2
298736$_$28,298736,2
298736$_$0,298736,2
298736$_$7,298736,2
298736$_$17,298736,2
298736$_$16,298736,2
298736$_$32,298736,2
298774$_$12,298774,2
298774$_$15,298774,2
298774$_$17,298774,2
298774$_$1,298774,2
298774$_$4,298774,2
2Crezdbre6I$_$10,2Crezdbre6I,2
2HmBM3GGTlg$_$2,2HmBM3GGTlg,1
2HmBM3GGTlg$_$5,2HmBM3GGTlg,1
2HmBM3GGTlg$_$7,2HmBM3GGTlg,1
2JY5HXBWO84$_$20,2JY5HXBWO84,2
2JY5HXBWO84$_$14,2JY5HXBWO84,2
2LpVvLemgvw$_$5,2LpVvLemgvw,1
2PgJok07td4$_$3,2PgJok07td4,2
2RDubrUjI-k$_$8,2RDubrUjI-k,1
2RDubrUjI-k$_$4,2RDubrUjI-k,1
2YwgSmmLibs$_$6,2YwgSmmLibs,1
2ahFSMFvs_c$_$0,2ahFSMFvs_c,0
2c2fhh_Dsoo$_$4,2c2fhh_Dsoo,0
2c6Gb73nx4E$_$2,2c6Gb73nx4E,0
2cwNG0YuwtQ$_$23,2cwNG0YuwtQ,0
2cwNG0YuwtQ$_$1,2cwNG0YuwtQ,0
2cwNG0YuwtQ$_$15,2cwNG0YuwtQ,0
2f6ZHqJ76EU$_$8,2f6ZHqJ76EU,4
2h9VVQUZjK0$_$12,2h9VVQUZjK0,4
2h9VVQUZjK0$_$8,2h9VVQUZjK0,4
2lj0BaPsJpM$_$7,2lj0BaPsJpM,0
2mWPHvbKzL8$_$10,2mWPHvbKzL8,0
2mWPHvbKzL8$_$15,2mWPHvbKzL8,0
2mWPHvbKzL8$_$19,2mWPHvbKzL8,0
2mWPHvbKzL8$_$3,2mWPHvbKzL8,0
2mWPHvbKzL8$_$2,2mWPHvbKzL8,0
2mWPHvbKzL8$_$4,2mWPHvbKzL8,0
2mWPHvbKzL8$_$6,2mWPHvbKzL8,0
2qKajMu7Vhc$_$2,2qKajMu7Vhc,3
2qKajMu7Vhc$_$4,2qKajMu7Vhc,3
2vX-ZRQQDwo$_$3,2vX-ZRQQDwo,1
2vX-ZRQQDwo$_$4,2vX-ZRQQDwo,1
2w7rpDe-HoA$_$1,2w7rpDe-HoA,3
2w7rpDe-HoA$_$3,2w7rpDe-HoA,3
2w7rpDe-HoA$_$5,2w7rpDe-HoA,3
2w7rpDe-HoA$_$7,2w7rpDe-HoA,3
30763$_$13,30763,3
30763$_$15,30763,3
30763$_$0,30763,3
31197$_$3,31197,4
31tcuDMQ_H8$_$11,31tcuDMQ_H8,3
31tcuDMQ_H8$_$1,31tcuDMQ_H8,3
327283$_$3,327283,3
327283$_$2,327283,3
327283$_$6,327283,3
33312$_$0,33312,0
33312$_$7,33312,0
33312$_$6,33312,0
33312$_$8,33312,0
33439$_$10,33439,0
33439$_$0,33439,0
33439$_$3,33439,0
33439$_$2,33439,0
33439$_$9,33439,0
33ueXDUn3mA$_$11,33ueXDUn3mA,4
33ueXDUn3mA$_$1,33ueXDUn3mA,4
34-ogj6rh6w$_$0,34-ogj6rh6w,1
34-ogj6rh6w$_$2,34-ogj6rh6w,1
34-ogj6rh6w$_$7,34-ogj6rh6w,1
34-ogj6rh6w$_$8,34-ogj6rh6w,1
34346$_$11,34346,0
34346$_$14,34346,0
34346$_$1,34346,0
34346$_$0,34346,0
34346$_$7,34346,0
36098$_$1,36098,2
36098$_$2,36098,2
367506$_$10,367506,1
367506$_$13,367506,1
367506$_$15,367506,1
367506$_$14,367506,1
367506$_$1,367506,1
367506$_$5,367506,1
367576$_$2,367576,0
367576$_$4,367576,0
367576$_$9,367576,0
36o2cux9kfQ$_$13,36o2cux9kfQ,4
37117$_$1,37117,2
37117$_$4,37117,2
37117$_$6,37117,2
37117$_$9,37117,2
37117$_$8,37117,2
37459$_$3,37459,0
37459$_$2,37459,0
37459$_$6,37459,0
38019$_$0,38019,0
38374$_$3,38374,2
38374$_$7,38374,2
38374$_$9,38374,2
39lcRCFvV-s$_$21,39lcRCFvV-s,2
39lcRCFvV-s$_$22,39lcRCFvV-s,2
39lcRCFvV-s$_$46,39lcRCFvV-s,2
39lcRCFvV-s$_$39,39lcRCFvV-s,2
39lcRCFvV-s$_$13,39lcRCFvV-s,2
39lcRCFvV-s$_$12,39lcRCFvV-s,2
39lcRCFvV-s$_$19,39lcRCFvV-s,2
39lcRCFvV-s$_$18,39lcRCFvV-s,2
39lcRCFvV-s$_$30,39lcRCFvV-s,2
3B1zIUj-k3o$_$10,3B1zIUj-k3o,0
3DOrdP4H8SA$_$13,3DOrdP4H8SA,2
3DOrdP4H8SA$_$3,3DOrdP4H8SA,2
3DgOMTs3A1E$_$24,3DgOMTs3A1E,4
3DgOMTs3A1E$_$22,3DgOMTs3A1E,4
3DgOMTs3A1E$_$23,3DgOMTs3A1E,4
3DgOMTs3A1E$_$1,3DgOMTs3A1E,4
3DgOMTs3A1E$_$7,3DgOMTs3A1E,4
3DgOMTs3A1E$_$17,3DgOMTs3A1E,4
3FpmKxZgihw$_$0,3FpmKxZgihw,3
3GyEnzE1NTQ$_$14,3GyEnzE1NTQ,1
3GyEnzE1NTQ$_$3,3GyEnzE1NTQ,1
3GyEnzE1NTQ$_$4,3GyEnzE1NTQ,1
3OMgvtWNHp4$_$10,3OMgvtWNHp4,3
3OuNMjZo5wg$_$13,3OuNMjZo5wg,0
3VsrcbjPwZY$_$0,3VsrcbjPwZY,4
3VsrcbjPwZY$_$7,3VsrcbjPwZY,4
3Wi0if_L6Ug$_$13,3Wi0if_L6Ug,1
3Wi0if_L6Ug$_$12,3Wi0if_L6Ug,1
3Wi0if_L6Ug$_$17,3Wi0if_L6Ug,1
3Wi0if_L6Ug$_$4,3Wi0if_L6Ug,1
3Wi0if_L6Ug$_$9,3Wi0if_L6Ug,1
3aD0xAgxxyw$_$11,3aD0xAgxxyw,1
3aD0xAgxxyw$_$0,3aD0xAgxxyw,1
3aIQUQgawaI$_$12,3aIQUQgawaI,4
3aIQUQgawaI$_$19,3aIQUQgawaI,4
3aIQUQgawaI$_$5,3aIQUQgawaI,4
3aIQUQgawaI$_$4,3aIQUQgawaI,4
3aIQUQgawaI$_$7,3aIQUQgawaI,4
3fhCxePBuZY$_$10,3fhCxePBuZY,3
3fhCxePBuZY$_$4,3fhCxePBuZY,3
3gA34VxBijI$_$1,3gA34VxBijI,2
3kNPvhdF1NA$_$0,3kNPvhdF1NA,0
3lkn8MS3n8Q$_$27,3lkn8MS3n8Q,2
3lkn8MS3n8Q$_$6,3lkn8MS3n8Q,2
3n44IP3tCVE$_$13,3n44IP3tCVE,2
3n44IP3tCVE$_$0,3n44IP3tCVE,2
3n44IP3tCVE$_$5,3n44IP3tCVE,2
3n44IP3tCVE$_$6,3n44IP3tCVE,2
3ocpWAmSNUE$_$5,3ocpWAmSNUE,4
3ocpWAmSNUE$_$6,3ocpWAmSNUE,4
3paDwuRQP1w$_$0,3paDwuRQP1w,2
3sUS8vXbRwg$_$13,3sUS8vXbRwg,2
40181$_$21,40181,1
40181$_$9,40181,1
40181$_$13,40181,1
40181$_$19,40181,1
40260$_$8,40260,1
40260$_$19,40260,1
40260$_$18,40260,1
41692$_$1,41692,2
43371$_$6,43371,1
43371$_$8,43371,1
43456$_$2,43456,2
43456$_$8,43456,2
44780$_$1,44780,4
44780$_$0,44780,4
44780$_$3,44780,4
44780$_$2,44780,4
44780$_$7,44780,4
44780$_$6,44780,4
45175$_$9,45175,0
45184$_$2,45184,0
45184$_$5,45184,0
45186$_$3,45186,3
45186$_$2,45186,3
45676$_$6,45676,1
45c3QQzGakM$_$5,45c3QQzGakM,4
46497$_$1,46497,2
46497$_$3,46497,2
46604$_$3,46604,2
46604$_$2,46604,2
46604$_$4,46604,2
46618$_$1,46618,1
46618$_$0,46618,1
46618$_$2,46618,1
47472$_$10,47472,4
47472$_$1,47472,4
47472$_$4,47472,4
47472$_$6,47472,4
47472$_$8,47472,4
49358$_$4,49358,3
49358$_$6,49358,3
49358$_$9,49358,3
4AQC7_uCuEE$_$27,4AQC7_uCuEE,0
4AQC7_uCuEE$_$22,4AQC7_uCuEE,0
4AQC7_uCuEE$_$23,4AQC7_uCuEE,0
4BoE-woHtwA$_$12,4BoE-woHtwA,1
4BoE-woHtwA$_$1,4BoE-woHtwA,1
4BoE-woHtwA$_$5,4BoE-woHtwA,1
4CKhrjuuofk$_$1,4CKhrjuuofk,1
4CKhrjuuofk$_$5,4CKhrjuuofk,1
4EEru3cZwXo$_$3,4EEru3cZwXo,3
4GYfmpEEtl4$_$1,4GYfmpEEtl4,4
4GYfmpEEtl4$_$7,4GYfmpEEtl4,4
4GYfmpEEtl4$_$6,4GYfmpEEtl4,4
4H9RfQuqsvg$_$1,4H9RfQuqsvg,2
4H9RfQuqsvg$_$12,4H9RfQuqsvg,2
4H9RfQuqsvg$_$6,4H9RfQuqsvg,2
4HAC00EAdno$_$10,4HAC00EAdno,2
4HAC00EAdno$_$12,4HAC00EAdno,2
4HAC00EAdno$_$9,4HAC00EAdno,2
4Kh5N9W-Jr4$_$0,4Kh5N9W-Jr4,0
4Q7OkrJLzAc$_$1,4Q7OkrJLzAc,0
4Q7OkrJLzAc$_$0,4Q7OkrJLzAc,0
4Q95Lg3Icho$_$24,4Q95Lg3Icho,2
4Ry6M_ZfJQc$_$5,4Ry6M_ZfJQc,1
4VA4kqMnEqA$_$4,4VA4kqMnEqA,0
4VA4kqMnEqA$_$8,4VA4kqMnEqA,0
4hEWns7JBg0$_$25,4hEWns7JBg0,1
4hEWns7JBg0$_$29,4hEWns7JBg0,1
4iG0ffmnCOw$_$2,4iG0ffmnCOw,0
4iG0ffmnCOw$_$7,4iG0ffmnCOw,0
4iw1jTY-X3A$_$14,4iw1jTY-X3A,1
4iw1jTY-X3A$_$3,4iw1jTY-X3A,1
4jTUcNlxlYA$_$0,4jTUcNlxlYA,2
4jTUcNlxlYA$_$4,4jTUcNlxlYA,2
4jTUcNlxlYA$_$6,4jTUcNlxlYA,2
4jTUcNlxlYA$_$9,4jTUcNlxlYA,2
4kF0U8kIMp4$_$0,4kF0U8kIMp4,0
4kF0U8kIMp4$_$5,4kF0U8kIMp4,0
4kF0U8kIMp4$_$4,4kF0U8kIMp4,0
4lKz4xyCmkk$_$14,4lKz4xyCmkk,0
4poXF3xo6Z8$_$13,4poXF3xo6Z8,4
4poXF3xo6Z8$_$1,4poXF3xo6Z8,4
4poXF3xo6Z8$_$0,4poXF3xo6Z8,4
4poXF3xo6Z8$_$3,4poXF3xo6Z8,4
4poXF3xo6Z8$_$6,4poXF3xo6Z8,4
4qjz4BQCZyM$_$5,4qjz4BQCZyM,2
4qoB5a6dR3w$_$1,4qoB5a6dR3w,4
4wdeBJ39Cuw$_$0,4wdeBJ39Cuw,3
4wdeBJ39Cuw$_$5,4wdeBJ39Cuw,3
4wuug3-5cWo$_$5,4wuug3-5cWo,3
50453$_$4,50453,2
50453$_$8,50453,2
51224$_$1,51224,2
51224$_$9,51224,2
52068$_$21,52068,4
52068$_$2,52068,4
52839$_$11,52839,3
52839$_$13,52839,3
52839$_$12,52839,3
52839$_$0,52839,3
52839$_$7,52839,3
53742$_$1,53742,0
53742$_$2,53742,0
53742$_$5,53742,0
55156$_$2,55156,3
55156$_$8,55156,3
56006$_$4,56006,1
56276$_$11,56276,4
56276$_$15,56276,4
56276$_$1,56276,4
56276$_$4,56276,4
56276$_$7,56276,4
57618$_$1,57618,3
57618$_$3,57618,3
59333$_$10,59333,1
59333$_$19,59333,1
59333$_$7,59333,1
59333$_$9,59333,1
5Fs_7A_V2kA$_$9,5Fs_7A_V2kA,2
5JMpMKAO-Mk$_$5,5JMpMKAO-Mk,0
5R5fDxZUL8M$_$2,5R5fDxZUL8M,1
5R5fDxZUL8M$_$5,5R5fDxZUL8M,1
5Tqu1IXJjGY$_$7,5Tqu1IXJjGY,3
5XX0csik6VQ$_$0,5XX0csik6VQ,0
5YnYGjrhzF4$_$0,5YnYGjrhzF4,0
5YnYGjrhzF4$_$8,5YnYGjrhzF4,0
5eA5HpyFsIk$_$0,5eA5HpyFsIk,3
5oEuiBPUTYc$_$6,5oEuiBPUTYc,3
5qQs9Cfydo4$_$9,5qQs9Cfydo4,2
5qxZFmIaynE$_$24,5qxZFmIaynE,0
5qxZFmIaynE$_$15,5qxZFmIaynE,0
5qxZFmIaynE$_$17,5qxZFmIaynE,0
5qxZFmIaynE$_$28,5qxZFmIaynE,0
5qxZFmIaynE$_$7,5qxZFmIaynE,0
5qxZFmIaynE$_$9,5qxZFmIaynE,0
5tV5rZZJDCE$_$7,5tV5rZZJDCE,1
5wpCKY2U1NE$_$10,5wpCKY2U1NE,3
5wpCKY2U1NE$_$5,5wpCKY2U1NE,3
60037$_$16,60037,4
60037$_$1,60037,4
65kkuNV921k$_$15,65kkuNV921k,4
65kkuNV921k$_$22,65kkuNV921k,4
65kkuNV921k$_$30,65kkuNV921k,4
65kkuNV921k$_$26,65kkuNV921k,4
65kkuNV921k$_$34,65kkuNV921k,4
65kkuNV921k$_$3,65kkuNV921k,4
65kkuNV921k$_$5,65kkuNV921k,4
65kkuNV921k$_$7,65kkuNV921k,4
65kkuNV921k$_$6,65kkuNV921k,4
69707$_$2,69707,2
6G8JJ69aN6o$_$4,6G8JJ69aN6o,3
6IUj6jyoTl0$_$0,6IUj6jyoTl0,0
6J_yzh1LNAE$_$0,6J_yzh1LNAE,3
6MYUY5tC2Us$_$0,6MYUY5tC2Us,2
6MYUY5tC2Us$_$2,6MYUY5tC2Us,2
6MloL1gIccs$_$4,6MloL1gIccs,1
6PLlauWxF5E$_$0,6PLlauWxF5E,4
6PLlauWxF5E$_$2,6PLlauWxF5E,4
6T1GHj7qwYs$_$5,6T1GHj7qwYs,0
6TDXQtGUNEs$_$11,6TDXQtGUNEs,3
6Vg10LxmWUY$_$0,6Vg10LxmWUY,1
6YNAmRjpxlA$_$0,6YNAmRjpxlA,3
6c7vAwDSVGc$_$2,6c7vAwDSVGc,4
6ng8CZ0ULK4$_$11,6ng8CZ0ULK4,4
6ng8CZ0ULK4$_$1,6ng8CZ0ULK4,4
6ng8CZ0ULK4$_$2,6ng8CZ0ULK4,4
6q5uKCgairk$_$10,6q5uKCgairk,4
6q5uKCgairk$_$13,6q5uKCgairk,4
6q5uKCgairk$_$8,6q5uKCgairk,4
6qPjYvdZiLA$_$7,6qPjYvdZiLA,3
6rkV4QRcVnk$_$3,6rkV4QRcVnk,2
6slq62RwH3Q$_$10,6slq62RwH3Q,0
6slq62RwH3Q$_$2,6slq62RwH3Q,0
6slq62RwH3Q$_$7,6slq62RwH3Q,0
6xvVFYR5di0$_$0,6xvVFYR5di0,2
6xvVFYR5di0$_$9,6xvVFYR5di0,2
6zjv1TLqfF0$_$11,6zjv1TLqfF0,1
6zjv1TLqfF0$_$10,6zjv1TLqfF0,1
6zjv1TLqfF0$_$1,6zjv1TLqfF0,1
6zjv1TLqfF0$_$3,6zjv1TLqfF0,1
6zjv1TLqfF0$_$7,6zjv1TLqfF0,1
70420$_$15,70420,0
70420$_$4,70420,0
70420$_$6,70420,0
70710$_$3,70710,0
70710$_$2,70710,0
708sewcSXVY$_$3,708sewcSXVY,1
72017$_$9,72017,0
72385$_$24,72385,3
72385$_$20,72385,3
72385$_$21,72385,3
72385$_$2,72385,3
72385$_$5,72385,3
72385$_$6,72385,3
72385$_$12,72385,3
72tXTrSXoMk$_$6,72tXTrSXoMk,3
73447$_$16,73447,2
73447$_$1,73447,2
73447$_$0,73447,2
73447$_$3,73447,2
73447$_$6,73447,2
73447$_$8,73447,2
73449$_$13,73449,2
73449$_$14,73449,2
73449$_$2,73449,2
73449$_$4,73449,2
73449$_$8,73449,2
74101$_$1,74101,2
74101$_$6,74101,2
74184$_$11,74184,4
74184$_$7,74184,4
74184$_$8,74184,4
74870$_$3,74870,2
74870$_$4,74870,2
75938$_$1,75938,4
76124$_$10,76124,1
76124$_$1,76124,1
76124$_$3,76124,1
76124$_$2,76124,1
76124$_$8,76124,1
76sN4tvbPGk$_$9,76sN4tvbPGk,2
76sN4tvbPGk$_$4,76sN4tvbPGk,2
78577$_$11,78577,1
78577$_$3,78577,1
78577$_$8,78577,1
79644$_$2,79644,0
79934$_$5,79934,1
79935$_$13,79935,4
79935$_$15,79935,4
79935$_$7,79935,4
79935$_$6,79935,4
79935$_$8,79935,4
7EWOMjaKlus$_$12,7EWOMjaKlus,0
7EWOMjaKlus$_$14,7EWOMjaKlus,0
7R70kKqtGh0$_$1,7R70kKqtGh0,0
7U_z0JfleAw$_$8,7U_z0JfleAw,4
7UlSX-syPeo$_$18,7UlSX-syPeo,3
7UlSX-syPeo$_$22,7UlSX-syPeo,3
7UlSX-syPeo$_$4,7UlSX-syPeo,3
7ZzbemE4QEE$_$25,7ZzbemE4QEE,2
7ZzbemE4QEE$_$27,7ZzbemE4QEE,2
7ZzbemE4QEE$_$21,7ZzbemE4QEE,2
7ZzbemE4QEE$_$3,7ZzbemE4QEE,2
7ZzbemE4QEE$_$2,7ZzbemE4QEE,2
7ZzbemE4QEE$_$39,7ZzbemE4QEE,2
7ZzbemE4QEE$_$15,7ZzbemE4QEE,2
7ZzbemE4QEE$_$33,7ZzbemE4QEE,2
7ZzbemE4QEE$_$34,7ZzbemE4QEE,2
7ZzbemE4QEE$_$32,7ZzbemE4QEE,2
7eJqqvvziQo$_$1,7eJqqvvziQo,4
7eJqqvvziQo$_$0,7eJqqvvziQo,4
7eJqqvvziQo$_$5,7eJqqvvziQo,4
7eJqqvvziQo$_$7,7eJqqvvziQo,4
7eWclVCXOtk$_$0,7eWclVCXOtk,3
7eWclVCXOtk$_$4,7eWclVCXOtk,3
7eWclVCXOtk$_$8,7eWclVCXOtk,3
7fPYpqzw1iY$_$12,7fPYpqzw1iY,4
7hSWYI99-24$_$3,7hSWYI99-24,0
7hSWYI99-24$_$6,7hSWYI99-24,0
7pZPQbMKGkY$_$0,7pZPQbMKGkY,1
7pZPQbMKGkY$_$5,7pZPQbMKGkY,1
7rMLN0KKE5k$_$28,7rMLN0KKE5k,4
7rMLN0KKE5k$_$19,7rMLN0KKE5k,4
7rMLN0KKE5k$_$32,7rMLN0KKE5k,4
7sgAWvbLtiM$_$1,7sgAWvbLtiM,3
7sgAWvbLtiM$_$6,7sgAWvbLtiM,3
8-Hi9NmF4rM$_$1,8-Hi9NmF4rM,2
8-Hi9NmF4rM$_$2,8-Hi9NmF4rM,2
80620$_$0,80620,1
80620$_$2,80620,1
80620$_$5,80620,1
80627$_$11,80627,1
80627$_$13,80627,1
80866$_$13,80866,2
80866$_$12,80866,2
80866$_$14,80866,2
80866$_$1,80866,2
80866$_$3,80866,2
80866$_$2,80866,2
80866$_$5,80866,2
80866$_$4,80866,2
80866$_$6,80866,2
80914$_$3,80914,1
81406$_$0,81406,2
81406$_$2,81406,2
81615$_$3,81615,3
81615$_$7,81615,3
81615$_$6,81615,3
83310$_$1,83310,3
83859$_$25,83859,3
83859$_$29,83859,3
83859$_$1,83859,3
83859$_$3,83859,3
83859$_$11,83859,3
83859$_$12,83859,3
83859$_$16,83859,3
8404$_$11,8404,3
8404$_$4,8404,3
84133$_$23,84133,1
84133$_$2,84133,1
84133$_$9,84133,1
84133$_$16,84133,1
84133$_$19,84133,1
84176$_$10,84176,1
84176$_$1,84176,1
84176$_$8,84176,1
856LGms_0s0$_$9,856LGms_0s0,0
87161$_$3,87161,2
87161$_$2,87161,2
87161$_$5,87161,2
87400$_$13,87400,3
87400$_$12,87400,3
87400$_$14,87400,3
88245$_$6,88245,2
88797$_$12,88797,0
88797$_$0,88797,0
88797$_$3,88797,0
88797$_$7,88797,0
88888$_$4,88888,1
88S1BjwMfdw$_$7,88S1BjwMfdw,2
88oSn21TFcA$_$0,88oSn21TFcA,2
88oSn21TFcA$_$8,88oSn21TFcA,2
89747$_$9,89747,2
89787$_$14,89787,0
89787$_$4,89787,0
89787$_$7,89787,0
89951$_$10,89951,0
89951$_$8,89951,0
8Cp8c-eQELQ$_$11,8Cp8c-eQELQ,3
8Cp8c-eQELQ$_$16,8Cp8c-eQELQ,3
8EHEEXex5D8$_$11,8EHEEXex5D8,2
8EHEEXex5D8$_$23,8EHEEXex5D8,2
8EHEEXex5D8$_$18,8EHEEXex5D8,2
8Lmqsakmw3M$_$20,8Lmqsakmw3M,3
8P0zm2oYDyY$_$1,8P0zm2oYDyY,1
8P0zm2oYDyY$_$6,8P0zm2oYDyY,1
8VB6pdJTpX4$_$1,8VB6pdJTpX4,2
8VP1qxX9mh4$_$0,8VP1qxX9mh4,1
8X5tGQLBqPo$_$11,8X5tGQLBqPo,0
8X5tGQLBqPo$_$10,8X5tGQLBqPo,0
8X5tGQLBqPo$_$13,8X5tGQLBqPo,0
8X5tGQLBqPo$_$15,8X5tGQLBqPo,0
8XODJwsvBa0$_$2,8XODJwsvBa0,3
8YsIvz4qnk4$_$1,8YsIvz4qnk4,4
8ovb-GaZ3QE$_$3,8ovb-GaZ3QE,1
8ovb-GaZ3QE$_$5,8ovb-GaZ3QE,1
8qCNtqjygW8$_$10,8qCNtqjygW8,4
8qCNtqjygW8$_$12,8qCNtqjygW8,4
8qCNtqjygW8$_$1,8qCNtqjygW8,4
8qCNtqjygW8$_$0,8qCNtqjygW8,4
8qCNtqjygW8$_$7,8qCNtqjygW8,4
8qCNtqjygW8$_$8,8qCNtqjygW8,4
8u5aet7s9_w$_$8,8u5aet7s9_w,2
8x81fzwcJko$_$5,8x81fzwcJko,0
8xfW_azeNPk$_$12,8xfW_azeNPk,3
8xfW_azeNPk$_$1,8xfW_azeNPk,3
8xfW_azeNPk$_$8,8xfW_azeNPk,3
9-EO2oCAGA4$_$10,9-EO2oCAGA4,4
9-EO2oCAGA4$_$0,9-EO2oCAGA4,4
9-EO2oCAGA4$_$3,9-EO2oCAGA4,4
9-EO2oCAGA4$_$4,9-EO2oCAGA4,4
9-EO2oCAGA4$_$7,9-EO2oCAGA4,4
9-K1CXCXui4$_$15,9-K1CXCXui4,3
9-K1CXCXui4$_$16,9-K1CXCXui4,3
90172$_$11,90172,4
90172$_$14,90172,4
90172$_$0,90172,4
90172$_$3,90172,4
90172$_$7,90172,4
90wZz0thye4$_$11,90wZz0thye4,2
90wZz0thye4$_$10,90wZz0thye4,2
90wZz0thye4$_$2,90wZz0thye4,2
91276$_$1,91276,1
91276$_$7,91276,1
91276$_$8,91276,1
91y7nPEWdmQ$_$5,91y7nPEWdmQ,2
92221$_$11,92221,0
92221$_$12,92221,0
92221$_$18,92221,0
92221$_$5,92221,0
92331$_$20,92331,2
92331$_$21,92331,2
92331$_$22,92331,2
92331$_$1,92331,2
92331$_$2,92331,2
92331$_$8,92331,2
92331$_$10,92331,2
92331$_$18,92331,2
92521$_$0,92521,0
92521$_$6,92521,0
92533$_$7,92533,3
92533$_$6,92533,3
93821$_$1,93821,2
93821$_$7,93821,2
93839$_$11,93839,4
93839$_$1,93839,4
93839$_$7,93839,4
94215$_$1,94215,4
94983$_$11,94983,3
94983$_$6,94983,3
94ULum9MYX0$_$11,94ULum9MYX0,4
96099$_$3,96099,2
96099$_$9,96099,2
96179$_$13,96179,2
96179$_$14,96179,2
96179$_$5,96179,2
96194$_$12,96194,4
96194$_$6,96194,4
96350$_$2,96350,1
96350$_$5,96350,1
96350$_$7,96350,1
96350$_$9,96350,1
96350$_$8,96350,1
96361$_$4,96361,2
96361$_$7,96361,2
96361$_$6,96361,2
96361$_$8,96361,2
97095$_$24,97095,4
97095$_$20,97095,4
97095$_$29,97095,4
97095$_$0,97095,4
97095$_$2,97095,4
97095$_$5,97095,4
97095$_$11,97095,4
97095$_$17,97095,4
97095$_$16,97095,4
97095$_$33,97095,4
97095$_$32,97095,4
97992$_$10,97992,1
97992$_$9,97992,1
98187$_$11,98187,0
98187$_$12,98187,0
98187$_$1,98187,0
98442$_$10,98442,4
984VkHzXl8w$_$7,984VkHzXl8w,2
9BceQC_SdTM$_$3,9BceQC_SdTM,3
9BceQC_SdTM$_$6,9BceQC_SdTM,3
9K5mYSaoBL4$_$4,9K5mYSaoBL4,2
9K5mYSaoBL4$_$9,9K5mYSaoBL4,2
9Un1O2ypJmI$_$5,9Un1O2ypJmI,3
9VZ4cpoTFbo$_$2,9VZ4cpoTFbo,2
9VZ4cpoTFbo$_$5,9VZ4cpoTFbo,2
9cSJglGi9Pg$_$6,9cSJglGi9Pg,3
9cxlcpbmrH0$_$11,9cxlcpbmrH0,0
9dFEGb_RfwE$_$11,9dFEGb_RfwE,0
9f6A3ucYArQ$_$3,9f6A3ucYArQ,4
9pdyTplXwM4$_$5,9pdyTplXwM4,3
9pzn93kdP_g$_$11,9pzn93kdP_g,1
9pzn93kdP_g$_$17,9pzn93kdP_g,1
9pzn93kdP_g$_$3,9pzn93kdP_g,1
9tX18DNC74w$_$4,9tX18DNC74w,4
9zWeMrfr-l0$_$0,9zWeMrfr-l0,0
A4dzxgHDhF0$_$1,A4dzxgHDhF0,4
A8plGi4rbxM$_$4,A8plGi4rbxM,0
ABSC1JNdpTw$_$9,ABSC1JNdpTw,3
ABSC1JNdpTw$_$11,ABSC1JNdpTw,3
ADYia28RrFU$_$4,ADYia28RrFU,1
ADYia28RrFU$_$7,ADYia28RrFU,1
ADYia28RrFU$_$9,ADYia28RrFU,1
ADYia28RrFU$_$8,ADYia28RrFU,1
AGFgaKPzjMQ$_$2,AGFgaKPzjMQ,1
AIPqRuTjI4E$_$14,AIPqRuTjI4E,2
AIPqRuTjI4E$_$16,AIPqRuTjI4E,2
AKofHsmxa1I$_$6,AKofHsmxa1I,4
APYv5s4ucd0$_$9,APYv5s4ucd0,2
AVScVfLgNmw$_$1,AVScVfLgNmw,0
AVScVfLgNmw$_$2,AVScVfLgNmw,0
AepwIhSbAws$_$2,AepwIhSbAws,1
AggyS1coOb8$_$1,AggyS1coOb8,0
AmGocfFQfVE$_$1,AmGocfFQfVE,2
AuPCZlKBzq8$_$11,AuPCZlKBzq8,4
Az3e1Opu0LE$_$1,Az3e1Opu0LE,1
Az3e1Opu0LE$_$5,Az3e1Opu0LE,1
BAi3ZJo5Vwg$_$11,BAi3ZJo5Vwg,4
BAi3ZJo5Vwg$_$7,BAi3ZJo5Vwg,4
BB_VwJSg3AI$_$6,BB_VwJSg3AI,2
BBoe8-HWPSw$_$4,BBoe8-HWPSw,0
BBoe8-HWPSw$_$7,BBoe8-HWPSw,0
BDCFV4EqHjY$_$1,BDCFV4EqHjY,2
BMhG11CXgww$_$5,BMhG11CXgww,3
BRdw-_dbJXc$_$19,BRdw-_dbJXc,0
BRzjQHYWbSs$_$11,BRzjQHYWbSs,4
BRzjQHYWbSs$_$15,BRzjQHYWbSs,4
BRzjQHYWbSs$_$16,BRzjQHYWbSs,4
BdqoZ5qpz0E$_$7,BdqoZ5qpz0E,0
BdqoZ5qpz0E$_$6,BdqoZ5qpz0E,0
BdqoZ5qpz0E$_$15,BdqoZ5qpz0E,0
Bf5owLv3X98$_$4,Bf5owLv3X98,2
Bg-PA5KTjNs$_$1,Bg-PA5KTjNs,0
Bg-PA5KTjNs$_$3,Bg-PA5KTjNs,0
Bg-PA5KTjNs$_$6,Bg-PA5KTjNs,0
Bg-PA5KTjNs$_$8,Bg-PA5KTjNs,0
BnWvk0YRgE4$_$0,BnWvk0YRgE4,2
Bo5IDtP8_Fk$_$11,Bo5IDtP8_Fk,4
BseI8-TYWm8$_$1,BseI8-TYWm8,2
BseI8-TYWm8$_$2,BseI8-TYWm8,2
BseI8-TYWm8$_$4,BseI8-TYWm8,2
BuPhjBayua8$_$7,BuPhjBayua8,1
BuPhjBayua8$_$6,BuPhjBayua8,1
C03473pYcRM$_$7,C03473pYcRM,3
C3lDRFu1ZcI$_$1,C3lDRFu1ZcI,0
C3lDRFu1ZcI$_$3,C3lDRFu1ZcI,0
CBYQDIqucxE$_$0,CBYQDIqucxE,1
CE9yV4SearE$_$11,CE9yV4SearE,0
CHh6hWo1AFE$_$2,CHh6hWo1AFE,1
CIqRibqChDQ$_$0,CIqRibqChDQ,1
CIqRibqChDQ$_$8,CIqRibqChDQ,1
CK31s0kfp-k$_$16,CK31s0kfp-k,1
CL4hDu95Eqw$_$0,CL4hDu95Eqw,0
CL4hDu95Eqw$_$3,CL4hDu95Eqw,0
CLkTjujFVKU$_$12,CLkTjujFVKU,4
CLkTjujFVKU$_$0,CLkTjujFVKU,4
CT7QOWbhfv4$_$3,CT7QOWbhfv4,0
CVx494kExvc$_$2,CVx494kExvc,2
CVx494kExvc$_$6,CVx494kExvc,2
CVx494kExvc$_$15,CVx494kExvc,2
CVx494kExvc$_$8,CVx494kExvc,2
CXojk-oSaEw$_$2,CXojk-oSaEw,3
CZigX1ntOsI$_$3,CZigX1ntOsI,1
Cb8ay6WtJuM$_$1,Cb8ay6WtJuM,3
Cb8ay6WtJuM$_$4,Cb8ay6WtJuM,3
Cd0JH1AreDw$_$5,Cd0JH1AreDw,4
CdB8QBhFccs$_$1,CdB8QBhFccs,2
CdB8QBhFccs$_$2,CdB8QBhFccs,2
CdB8QBhFccs$_$4,CdB8QBhFccs,2
Ceu9AkIjuLY$_$13,Ceu9AkIjuLY,2
Ceu9AkIjuLY$_$2,Ceu9AkIjuLY,2
Ceu9AkIjuLY$_$4,Ceu9AkIjuLY,2
Ceu9AkIjuLY$_$8,Ceu9AkIjuLY,2
Cj7R36s4dbM$_$10,Cj7R36s4dbM,2
Ctc23Icfzvg$_$3,Ctc23Icfzvg,0
Ctc23Icfzvg$_$5,Ctc23Icfzvg,0
CvW0Mh1EWFA$_$3,CvW0Mh1EWFA,2
CzstrpOTtgo$_$4,CzstrpOTtgo,1
D5cQWqYcBAE$_$0,D5cQWqYcBAE,0
D5cQWqYcBAE$_$2,D5cQWqYcBAE,0
DEFDuYyc-Xw$_$7,DEFDuYyc-Xw,0
DGeBPk1op3E$_$2,DGeBPk1op3E,2
DGeBPk1op3E$_$5,DGeBPk1op3E,2
DQ7QKE3hzVg$_$1,DQ7QKE3hzVg,1
DXQGngge7vU$_$4,DXQGngge7vU,4
DZBpdzrMelA$_$3,DZBpdzrMelA,1
DZBpdzrMelA$_$5,DZBpdzrMelA,1
DZIFCYOhosQ$_$5,DZIFCYOhosQ,4
DZIFCYOhosQ$_$6,DZIFCYOhosQ,4
DaXkixKFEvE$_$4,DaXkixKFEvE,4
DatH-ra0VKY$_$12,DatH-ra0VKY,3
DatH-ra0VKY$_$3,DatH-ra0VKY,3
DatH-ra0VKY$_$4,DatH-ra0VKY,3
DbAppk7xT0Y$_$0,DbAppk7xT0Y,2
DfTMoqwMHVE$_$0,DfTMoqwMHVE,1
DhXBaBOB4E8$_$5,DhXBaBOB4E8,4
DiOw-w5LDJ0$_$1,DiOw-w5LDJ0,3
DiOw-w5LDJ0$_$0,DiOw-w5LDJ0,3
Drhrzj1yhVs$_$8,Drhrzj1yhVs,3
Drhrzj1yhVs$_$5,Drhrzj1yhVs,3
Dws8ZrzF7xQ$_$7,Dws8ZrzF7xQ,4
E0g6nae4Ae4$_$24,E0g6nae4Ae4,4
E0g6nae4Ae4$_$22,E0g6nae4Ae4,4
E0g6nae4Ae4$_$23,E0g6nae4Ae4,4
E0g6nae4Ae4$_$1,E0g6nae4Ae4,4
E0g6nae4Ae4$_$4,E0g6nae4Ae4,4
E0g6nae4Ae4$_$8,E0g6nae4Ae4,4
E0g6nae4Ae4$_$19,E0g6nae4Ae4,4
E0g6nae4Ae4$_$33,E0g6nae4Ae4,4
E8L1Z71vKG8$_$3,E8L1Z71vKG8,3
EEUGfVTyTQM$_$1,EEUGfVTyTQM,2
EHbZ2EeVags$_$1,EHbZ2EeVags,1
EJT25p7JahU$_$7,EJT25p7JahU,3
EJT25p7JahU$_$6,EJT25p7JahU,3
EO_SN04Xef0$_$2,EO_SN04Xef0,3
EOkdFMw0pmk$_$11,EOkdFMw0pmk,2
EOkdFMw0pmk$_$9,EOkdFMw0pmk,2
ERnYvxojeu0$_$1,ERnYvxojeu0,0
ERnYvxojeu0$_$2,ERnYvxojeu0,0
ERnYvxojeu0$_$4,ERnYvxojeu0,0
EULEL3QhKD0$_$3,EULEL3QhKD0,3
E_ocLuUw-1I$_$1,E_ocLuUw-1I,4
Ea_Huc2-lwo$_$2,Ea_Huc2-lwo,0
Emi9cw9xa00$_$9,Emi9cw9xa00,0
Emjv2cDzW1E$_$0,Emjv2cDzW1E,1
EoC83JhkCAw$_$10,EoC83JhkCAw,0
EoC83JhkCAw$_$5,EoC83JhkCAw,0
EoC83JhkCAw$_$4,EoC83JhkCAw,0
EpadyoYlAjQ$_$0,EpadyoYlAjQ,0
ExDLNkDVsxY$_$4,ExDLNkDVsxY,2
ExDLNkDVsxY$_$6,ExDLNkDVsxY,2
F2M7WbPXRps$_$11,F2M7WbPXRps,3
F2M7WbPXRps$_$12,F2M7WbPXRps,3
F4OhXQTMOEc$_$3,F4OhXQTMOEc,1
F59hwsm4Ld0$_$23,F59hwsm4Ld0,1
F59hwsm4Ld0$_$49,F59hwsm4Ld0,1
F59hwsm4Ld0$_$0,F59hwsm4Ld0,1
F59hwsm4Ld0$_$7,F59hwsm4Ld0,1
F59hwsm4Ld0$_$6,F59hwsm4Ld0,1
F59hwsm4Ld0$_$11,F59hwsm4Ld0,1
F59hwsm4Ld0$_$14,F59hwsm4Ld0,1
F59hwsm4Ld0$_$17,F59hwsm4Ld0,1
F59hwsm4Ld0$_$16,F59hwsm4Ld0,1
F59hwsm4Ld0$_$36,F59hwsm4Ld0,1
F5SGdvSRJmo$_$10,F5SGdvSRJmo,0
F5SGdvSRJmo$_$3,F5SGdvSRJmo,0
F5SGdvSRJmo$_$7,F5SGdvSRJmo,0
F6Ci45lP5aA$_$0,F6Ci45lP5aA,0
F8KE2ZhoUe4$_$16,F8KE2ZhoUe4,4
F8KE2ZhoUe4$_$19,F8KE2ZhoUe4,4
F8KE2ZhoUe4$_$4,F8KE2ZhoUe4,4
F8KE2ZhoUe4$_$20,F8KE2ZhoUe4,4
FHlzZ2VxuGQ$_$13,FHlzZ2VxuGQ,0
FHlzZ2VxuGQ$_$7,FHlzZ2VxuGQ,0
FHlzZ2VxuGQ$_$9,FHlzZ2VxuGQ,0
FLyWn2DCci4$_$1,FLyWn2DCci4,0
FLyWn2DCci4$_$3,FLyWn2DCci4,0
FMW6diQ9rMo$_$4,FMW6diQ9rMo,3
FMW6diQ9rMo$_$8,FMW6diQ9rMo,3
FOMXt3lStco$_$1,FOMXt3lStco,1
FR0B64ID-hA$_$5,FR0B64ID-hA,1
FRKwvmrwrZA$_$24,FRKwvmrwrZA,0
FRKwvmrwrZA$_$22,FRKwvmrwrZA,0
FX-YgVKC1AI$_$5,FX-YgVKC1AI,3
FX-YgVKC1AI$_$7,FX-YgVKC1AI,3
FaHosBIr0xY$_$3,FaHosBIr0xY,0
FdTczBnXtYU$_$3,FdTczBnXtYU,1
FmIS69vB12I$_$13,FmIS69vB12I,2
FmIS69vB12I$_$0,FmIS69vB12I,2
FmIS69vB12I$_$3,FmIS69vB12I,2
FmIS69vB12I$_$2,FmIS69vB12I,2
FmIS69vB12I$_$7,FmIS69vB12I,2
Fmwc7wkIc4Q$_$10,Fmwc7wkIc4Q,1
Fmwc7wkIc4Q$_$13,Fmwc7wkIc4Q,1
Fmwc7wkIc4Q$_$14,Fmwc7wkIc4Q,1
FphtHpVV-7w$_$0,FphtHpVV-7w,0
FphtHpVV-7w$_$3,FphtHpVV-7w,0
FsmNLTdE2p0$_$0,FsmNLTdE2p0,4
FvoZgWvc3gc$_$11,FvoZgWvc3gc,4
FylhSeozvG8$_$3,FylhSeozvG8,4
FylhSeozvG8$_$2,FylhSeozvG8,4
FylhSeozvG8$_$5,FylhSeozvG8,4
FylhSeozvG8$_$6,FylhSeozvG8,4
G1Z_JUTgZqo$_$0,G1Z_JUTgZqo,4
G1Z_JUTgZqo$_$3,G1Z_JUTgZqo,4
G1Z_JUTgZqo$_$2,G1Z_JUTgZqo,4
G38DwNDQ8Cc$_$26,G38DwNDQ8Cc,3
G38DwNDQ8Cc$_$1,G38DwNDQ8Cc,3
G38DwNDQ8Cc$_$0,G38DwNDQ8Cc,3
G38DwNDQ8Cc$_$2,G38DwNDQ8Cc,3
G38DwNDQ8Cc$_$5,G38DwNDQ8Cc,3
G4HMKRdIva0$_$10,G4HMKRdIva0,0
G4HMKRdIva0$_$18,G4HMKRdIva0,0
G4HMKRdIva0$_$15,G4HMKRdIva0,0
G8p4QMjLUXI$_$7,G8p4QMjLUXI,3
G8p4QMjLUXI$_$9,G8p4QMjLUXI,3
GAY5ICoVnA8$_$12,GAY5ICoVnA8,3
GAY5ICoVnA8$_$3,GAY5ICoVnA8,3
GAY5ICoVnA8$_$5,GAY5ICoVnA8,3
GCOFujDHDx0$_$10,GCOFujDHDx0,0
GCOFujDHDx0$_$2,GCOFujDHDx0,0
GCOFujDHDx0$_$5,GCOFujDHDx0,0
GCOFujDHDx0$_$9,GCOFujDHDx0,0
GICVzJMDfv0$_$1,GICVzJMDfv0,3
GJyzeK-Cn-0$_$6,GJyzeK-Cn-0,4
GMnoxaqqReQ$_$1,GMnoxaqqReQ,4
GOj7TBcEA8E$_$3,GOj7TBcEA8E,3
GOj7TBcEA8E$_$4,GOj7TBcEA8E,3
GOj7TBcEA8E$_$8,GOj7TBcEA8E,3
GRFXnnrQaB4$_$0,GRFXnnrQaB4,0
GSnt_fW8qjI$_$4,GSnt_fW8qjI,1
GTGtVdAuyRc$_$10,GTGtVdAuyRc,3
GTGtVdAuyRc$_$0,GTGtVdAuyRc,3
GTGtVdAuyRc$_$5,GTGtVdAuyRc,3
GUffC7vu9zA$_$26,GUffC7vu9zA,4
GUffC7vu9zA$_$37,GUffC7vu9zA,4
GUffC7vu9zA$_$43,GUffC7vu9zA,4
GUffC7vu9zA$_$41,GUffC7vu9zA,4
G_M3lYn6hAA$_$5,G_M3lYn6hAA,2
GcfETVXgtg0$_$3,GcfETVXgtg0,2
Gg9ZcRlwnbc$_$14,Gg9ZcRlwnbc,4
Gg9ZcRlwnbc$_$16,Gg9ZcRlwnbc,4
GkoBk5K-FH0$_$21,GkoBk5K-FH0,2
Gljee9uq_Rc$_$11,Gljee9uq_Rc,0
Gljee9uq_Rc$_$12,Gljee9uq_Rc,0
Gljee9uq_Rc$_$16,Gljee9uq_Rc,0
Gljee9uq_Rc$_$6,Gljee9uq_Rc,0
Gmhi58erY6k$_$0,Gmhi58erY6k,3
GpRDC-S88dM$_$25,GpRDC-S88dM,0
GpRDC-S88dM$_$1,GpRDC-S88dM,0
GpRDC-S88dM$_$18,GpRDC-S88dM,0
GtRxTvuF6J0$_$7,GtRxTvuF6J0,3
Gv0kKbfwPpI$_$2,Gv0kKbfwPpI,2
H-AJ-grXvgQ$_$0,H-AJ-grXvgQ,2
H26MMmrHTlQ$_$7,H26MMmrHTlQ,3
H26MMmrHTlQ$_$8,H26MMmrHTlQ,3
H4RysMUSQD8$_$7,H4RysMUSQD8,3
H4w9mU8B3Mc$_$7,H4w9mU8B3Mc,4
HByf7qiO-Kg$_$3,HByf7qiO-Kg,4
HIsJqphLCyw$_$1,HIsJqphLCyw,1
HLFaW4oVP9E$_$13,HLFaW4oVP9E,2
HOCsiS0pmf0$_$2,HOCsiS0pmf0,0
HQ2LwfRcrVc$_$11,HQ2LwfRcrVc,4
HQ2LwfRcrVc$_$8,HQ2LwfRcrVc,4
HUH9BXVmAig$_$2,HUH9BXVmAig,3
HUOMbK1x7MI$_$6,HUOMbK1x7MI,0
HVksxaUzv9Y$_$5,HVksxaUzv9Y,3
HXuRR2eBHHQ$_$2,HXuRR2eBHHQ,0
Ha7DMd_iKyM$_$3,Ha7DMd_iKyM,3
Ha7DMd_iKyM$_$4,Ha7DMd_iKyM,3
HgDdU_RB9UA$_$10,HgDdU_RB9UA,4
HgDdU_RB9UA$_$7,HgDdU_RB9UA,4
HhpziYYP2Vg$_$16,HhpziYYP2Vg,0
Hkt_kncJGVM$_$2,Hkt_kncJGVM,2
I--8nRKCkJI$_$4,I--8nRKCkJI,3
I--8nRKCkJI$_$7,I--8nRKCkJI,3
I3SPlbTGuNc$_$5,I3SPlbTGuNc,1
I5cS_TlV5B8$_$2,I5cS_TlV5B8,2
IB0lGIxP8YY$_$11,IB0lGIxP8YY,2
IB0lGIxP8YY$_$5,IB0lGIxP8YY,2
IB0lGIxP8YY$_$8,IB0lGIxP8YY,2
ICeSewdyf34$_$5,ICeSewdyf34,2
ITQTVfk9Iqo$_$5,ITQTVfk9Iqo,0
IW7IssCKgmI$_$9,IW7IssCKgmI,2
I_r2CP56toU$_$6,I_r2CP56toU,3
IawsOlEKRf0$_$11,IawsOlEKRf0,3
IawsOlEKRf0$_$26,IawsOlEKRf0,3
IawsOlEKRf0$_$28,IawsOlEKRf0,3
IawsOlEKRf0$_$3,IawsOlEKRf0,3
IawsOlEKRf0$_$5,IawsOlEKRf0,3
IkvL4IAiZog$_$8,IkvL4IAiZog,1
IlgnbEdOhmI$_$9,IlgnbEdOhmI,0
IlgnbEdOhmI$_$1,IlgnbEdOhmI,0
IsAtAzltJNM$_$6,IsAtAzltJNM,4
IsAtAzltJNM$_$8,IsAtAzltJNM,4
Itqbc2TBXWY$_$26,Itqbc2TBXWY,0
Itqbc2TBXWY$_$23,Itqbc2TBXWY,0
Itqbc2TBXWY$_$1,Itqbc2TBXWY,0
Itqbc2TBXWY$_$0,Itqbc2TBXWY,0
Itqbc2TBXWY$_$6,Itqbc2TBXWY,0
Itqbc2TBXWY$_$13,Itqbc2TBXWY,0
Itqbc2TBXWY$_$18,Itqbc2TBXWY,0
IwQWibE8EOM$_$3,IwQWibE8EOM,3
Iz_PDdyXr-8$_$3,Iz_PDdyXr-8,1
J3-NEG8uoiE$_$11,J3-NEG8uoiE,2
J3-NEG8uoiE$_$1,J3-NEG8uoiE,2
J3-NEG8uoiE$_$3,J3-NEG8uoiE,2
J3JU1zBQ4RM$_$2,J3JU1zBQ4RM,4
J7UduuBfnrE$_$4,J7UduuBfnrE,3
J7UduuBfnrE$_$7,J7UduuBfnrE,3
J7UduuBfnrE$_$6,J7UduuBfnrE,3
J7UduuBfnrE$_$8,J7UduuBfnrE,3
JAbFsRxxnFo$_$0,JAbFsRxxnFo,2
JCg26b8EO48$_$4,JCg26b8EO48,2
JCg26b8EO48$_$6,JCg26b8EO48,2
JDgqyOkzXHw$_$0,JDgqyOkzXHw,4
JDgqyOkzXHw$_$7,JDgqyOkzXHw,4
JDgqyOkzXHw$_$9,JDgqyOkzXHw,4
JF-5nlUNx_g$_$20,JF-5nlUNx_g,0
JF-5nlUNx_g$_$21,JF-5nlUNx_g,0
JF-5nlUNx_g$_$2,JF-5nlUNx_g,0
JF-5nlUNx_g$_$5,JF-5nlUNx_g,0
JF-5nlUNx_g$_$13,JF-5nlUNx_g,0
JF-5nlUNx_g$_$16,JF-5nlUNx_g,0
JF-5nlUNx_g$_$18,JF-5nlUNx_g,0
JGEEA_JVriE$_$0,JGEEA_JVriE,4
JHW3nD6flgU$_$4,JHW3nD6flgU,0
JHW3nD6flgU$_$8,JHW3nD6flgU,0
JLqBVj6f5gI$_$21,JLqBVj6f5gI,2
JLqBVj6f5gI$_$17,JLqBVj6f5gI,2
JLqBVj6f5gI$_$8,JLqBVj6f5gI,2
JMb18N7lQ0A$_$1,JMb18N7lQ0A,1
JMzilFvwNXE$_$4,JMzilFvwNXE,2
JP95Fby6qLE$_$23,JP95Fby6qLE,0
JP95Fby6qLE$_$1,JP95Fby6qLE,0
JSlTJsUulH0$_$2,JSlTJsUulH0,2
JW3OfSCZlhc$_$5,JW3OfSCZlhc,4
JX-mwjSw0dk$_$8,JX-mwjSw0dk,3
JYdfUNjyYxo$_$5,JYdfUNjyYxo,1
JYsAacFmXEo$_$11,JYsAacFmXEo,0
JYsAacFmXEo$_$17,JYsAacFmXEo,0
J_DtcW86D9c$_$2,J_DtcW86D9c,4
J_DtcW86D9c$_$9,J_DtcW86D9c,4
Ja7phs8EbWk$_$10,Ja7phs8EbWk,2
Ja7phs8EbWk$_$6,Ja7phs8EbWk,2
JcmqmLaL_MQ$_$7,JcmqmLaL_MQ,0
JdFaSggG58c$_$5,JdFaSggG58c,4
JdFaSggG58c$_$6,JdFaSggG58c,4
Jh1uDYOJMwk$_$1,Jh1uDYOJMwk,2
Jh1uDYOJMwk$_$4,Jh1uDYOJMwk,2
JlmpDdm1A1Y$_$3,JlmpDdm1A1Y,0
JvgofTcCSEc$_$15,JvgofTcCSEc,0
JvgofTcCSEc$_$19,JvgofTcCSEc,0
JwzxqrD8tIo$_$9,JwzxqrD8tIo,3
JzydLJw6y6o$_$14,JzydLJw6y6o,1
JzydLJw6y6o$_$0,JzydLJw6y6o,1
JzydLJw6y6o$_$8,JzydLJw6y6o,1
K5cGfs3i-tk$_$0,K5cGfs3i-tk,3
K62NK2KYhws$_$10,K62NK2KYhws,4
K62NK2KYhws$_$15,K62NK2KYhws,4
K62NK2KYhws$_$3,K62NK2KYhws,4
K62NK2KYhws$_$8,K62NK2KYhws,4
K7FiMf-Dmwo$_$2,K7FiMf-Dmwo,1
K7KEtrgBkz4$_$9,K7KEtrgBkz4,4
K9-KyChw8RM$_$8,K9-KyChw8RM,2
K9U2TAF9DDY$_$6,K9U2TAF9DDY,4
K9faaGel838$_$0,K9faaGel838,4
KD0w4BrNXQg$_$11,KD0w4BrNXQg,3
KD0w4BrNXQg$_$7,KD0w4BrNXQg,3
KEUVzxC7T3E$_$4,KEUVzxC7T3E,1
KI2sU-mhM44$_$16,KI2sU-mhM44,0
KLy4aBLqwCk$_$15,KLy4aBLqwCk,2
KLy4aBLqwCk$_$17,KLy4aBLqwCk,2
KPeos6f4HuQ$_$6,KPeos6f4HuQ,1
KQ86HmgwUns$_$11,KQ86HmgwUns,4
KR4MpF0YtgE$_$1,KR4MpF0YtgE,2
K_5u2Wh_wGk$_$5,K_5u2Wh_wGk,0
Kep_mLLXsqk$_$3,Kep_mLLXsqk,4
Kep_mLLXsqk$_$7,Kep_mLLXsqk,4
Kmtib-wZ0jM$_$0,Kmtib-wZ0jM,3
L0WUuWYNeCo$_$26,L0WUuWYNeCo,0
L0WUuWYNeCo$_$27,L0WUuWYNeCo,0
L0WUuWYNeCo$_$2,L0WUuWYNeCo,0
L0WUuWYNeCo$_$5,L0WUuWYNeCo,0
L0WUuWYNeCo$_$8,L0WUuWYNeCo,0
L0WUuWYNeCo$_$11,L0WUuWYNeCo,0
L0WUuWYNeCo$_$10,L0WUuWYNeCo,0
L2uC4_Co9uw$_$0,L2uC4_Co9uw,1
L382XZ6iZmM$_$7,L382XZ6iZmM,1
L5a2ijeWpUI$_$4,L5a2ijeWpUI,0
L6pg3DQKoH4$_$0,L6pg3DQKoH4,4
LHC7ZKJy4Zw$_$1,LHC7ZKJy4Zw,1
LUKIYWa0UGA$_$7,LUKIYWa0UGA,1
LUf9vbe0TcQ$_$1,LUf9vbe0TcQ,3
LX2rT5C3sJs$_$5,LX2rT5C3sJs,2
LX2rT5C3sJs$_$6,LX2rT5C3sJs,2
LZl9Sj1safM$_$0,LZl9Sj1safM,2
L_XttWZBKss$_$3,L_XttWZBKss,0
LityRNuQihc$_$13,LityRNuQihc,4
LityRNuQihc$_$1,LityRNuQihc,4
LityRNuQihc$_$2,LityRNuQihc,4
LityRNuQihc$_$5,LityRNuQihc,4
LpbSYaPRTqI$_$1,LpbSYaPRTqI,2
LppEvM60-xo$_$9,LppEvM60-xo,1
Lxs_6Tvq12E$_$3,Lxs_6Tvq12E,3
M2Pb2kx77ww$_$8,M2Pb2kx77ww,4
M2Pb2kx77ww$_$35,M2Pb2kx77ww,4
MBDZbACupsc$_$11,MBDZbACupsc,2
MBDZbACupsc$_$7,MBDZbACupsc,2
MCRCXXPqFOI$_$2,MCRCXXPqFOI,3
MFrwi-RibUk$_$13,MFrwi-RibUk,1
MFrwi-RibUk$_$0,MFrwi-RibUk,1
MFrwi-RibUk$_$6,MFrwi-RibUk,1
MIuJDn_0yVU$_$3,MIuJDn_0yVU,4
MJnc4GUhUuY$_$3,MJnc4GUhUuY,1
MJnc4GUhUuY$_$4,MJnc4GUhUuY,1
MJnc4GUhUuY$_$9,MJnc4GUhUuY,1
MKShLlJ7X7g$_$1,MKShLlJ7X7g,2
MKShLlJ7X7g$_$2,MKShLlJ7X7g,2
MMaEsDdBsvM$_$0,MMaEsDdBsvM,1
MNXBOeiPhec$_$2,MNXBOeiPhec,2
MNXBOeiPhec$_$7,MNXBOeiPhec,2
MOfEl_1dh-g$_$4,MOfEl_1dh-g,4
MPRqaQqrd9Y$_$7,MPRqaQqrd9Y,1
MTU_thei3-c$_$8,MTU_thei3-c,4
MWCNzYUCys0$_$0,MWCNzYUCys0,4
MZoLQD83R-4$_$5,MZoLQD83R-4,3
MZoLQD83R-4$_$8,MZoLQD83R-4,3
MbpPBLUjpV4$_$16,MbpPBLUjpV4,4
MbpPBLUjpV4$_$0,MbpPBLUjpV4,4
MnFRVJtHAeo$_$0,MnFRVJtHAeo,4
MroQfGehC84$_$1,MroQfGehC84,2
MsjnLoTKAXo$_$0,MsjnLoTKAXo,4
MsjnLoTKAXo$_$2,MsjnLoTKAXo,4
MsjnLoTKAXo$_$5,MsjnLoTKAXo,4
MvFFYObY9A8$_$2,MvFFYObY9A8,2
Mw4EZYZAd9c$_$5,Mw4EZYZAd9c,0
MyfRrTjglm8$_$1,MyfRrTjglm8,1
MyfRrTjglm8$_$0,MyfRrTjglm8,1
MyfRrTjglm8$_$2,MyfRrTjglm8,1
N0pKIn6VhOw$_$2,N0pKIn6VhOw,0
N3QuD26DuCI$_$1,N3QuD26DuCI,4
N3QuD26DuCI$_$0,N3QuD26DuCI,4
N3QuD26DuCI$_$2,N3QuD26DuCI,4
N3QuD26DuCI$_$5,N3QuD26DuCI,4
N7tS7A0WWpM$_$1,N7tS7A0WWpM,4
N7tS7A0WWpM$_$3,N7tS7A0WWpM,4
NCJTV5KaJJc$_$1,NCJTV5KaJJc,2
NCJTV5KaJJc$_$9,NCJTV5KaJJc,2
NG7QLq4XlWo$_$15,NG7QLq4XlWo,0
NG7QLq4XlWo$_$1,NG7QLq4XlWo,0
NG7QLq4XlWo$_$3,NG7QLq4XlWo,0
NG7QLq4XlWo$_$5,NG7QLq4XlWo,0
NKindd5Xn3s$_$4,NKindd5Xn3s,1
NOl0v54DaXo$_$10,NOl0v54DaXo,0
NOl0v54DaXo$_$3,NOl0v54DaXo,0
NSihgq4R8Z0$_$2,NSihgq4R8Z0,3
NSihgq4R8Z0$_$16,NSihgq4R8Z0,3
NYuY6HVjMZQ$_$1,NYuY6HVjMZQ,4
NYuY6HVjMZQ$_$6,NYuY6HVjMZQ,4
Na6170hd8po$_$11,Na6170hd8po,3
NkbRuTJaj_M$_$18,NkbRuTJaj_M,4
O0Nn-5UkfoA$_$2,O0Nn-5UkfoA,3
O2CEvvYWWbU$_$10,O2CEvvYWWbU,4
O3whFU2lAAk$_$8,O3whFU2lAAk,0
O3whFU2lAAk$_$2,O3whFU2lAAk,0
O3whFU2lAAk$_$5,O3whFU2lAAk,0
O3whFU2lAAk$_$11,O3whFU2lAAk,0
O8IJh_L0EfM$_$5,O8IJh_L0EfM,3
OAV6KKf60bQ$_$10,OAV6KKf60bQ,2
OAV6KKf60bQ$_$0,OAV6KKf60bQ,2
OAV6KKf60bQ$_$6,OAV6KKf60bQ,2
OBaMn1-x7jQ$_$7,OBaMn1-x7jQ,3
OEOkmrKvTUo$_$0,OEOkmrKvTUo,1
OEOkmrKvTUo$_$6,OEOkmrKvTUo,1
OEesmAnTpeA$_$10,OEesmAnTpeA,2
OFBc3z99bIc$_$12,OFBc3z99bIc,4
OFBc3z99bIc$_$15,OFBc3z99bIc,4
OFBc3z99bIc$_$14,OFBc3z99bIc,4
OGXUtVG0Y9w$_$1,OGXUtVG0Y9w,3
OHWyYVux-yw$_$10,OHWyYVux-yw,3
OHWyYVux-yw$_$14,OHWyYVux-yw,3
OHWyYVux-yw$_$18,OHWyYVux-yw,3
OHWyYVux-yw$_$2,OHWyYVux-yw,3
OKSx1zxHGpQ$_$5,OKSx1zxHGpQ,3
OKSx1zxHGpQ$_$4,OKSx1zxHGpQ,3
OKSx1zxHGpQ$_$8,OKSx1zxHGpQ,3
OKSx1zxHGpQ$_$15,OKSx1zxHGpQ,3
OKSx1zxHGpQ$_$16,OKSx1zxHGpQ,3
OKSx1zxHGpQ$_$19,OKSx1zxHGpQ,3
OOh1_ffKOKk$_$2,OOh1_ffKOKk,3
OPXmk49KyiU$_$1,OPXmk49KyiU,2
OSyKmOye5Uo$_$4,OSyKmOye5Uo,1
O_fTDhCtAhw$_$8,O_fTDhCtAhw,3
O_fTDhCtAhw$_$7,O_fTDhCtAhw,3
O_fTDhCtAhw$_$6,O_fTDhCtAhw,3
Ob8vPQCPDX0$_$1,Ob8vPQCPDX0,0
Ob8vPQCPDX0$_$2,Ob8vPQCPDX0,0
OcqJx_cRc3Y$_$2,OcqJx_cRc3Y,4
OdKp0hYomgs$_$10,OdKp0hYomgs,3
OdKp0hYomgs$_$3,OdKp0hYomgs,3
Oj3XwBBrzXc$_$1,Oj3XwBBrzXc,1
Op3CnqRLD9w$_$3,Op3CnqRLD9w,1
OwYfPi9St0w$_$1,OwYfPi9St0w,1
OxyQSJMvWBo$_$11,OxyQSJMvWBo,3
OxyQSJMvWBo$_$13,OxyQSJMvWBo,3
OxyQSJMvWBo$_$12,OxyQSJMvWBo,3
P0WaXnH37uI$_$5,P0WaXnH37uI,2
P0WaXnH37uI$_$4,P0WaXnH37uI,2
P35dyIit1yM$_$4,P35dyIit1yM,3
P4qxfjZlIrY$_$4,P4qxfjZlIrY,0
P4qxfjZlIrY$_$6,P4qxfjZlIrY,0
PANWQeBKStk$_$0,PANWQeBKStk,1
PGBrZLC15yA$_$0,PGBrZLC15yA,2
PHJ8eybXJdw$_$5,PHJ8eybXJdw,2
PMH4mdJeojE$_$3,PMH4mdJeojE,2
PMH4mdJeojE$_$2,PMH4mdJeojE,2
PN3ApHIGopo$_$6,PN3ApHIGopo,1
PQYmOknHA4c$_$5,PQYmOknHA4c,3
PQYmOknHA4c$_$4,PQYmOknHA4c,3
PUIsiLk8etk$_$11,PUIsiLk8etk,0
PYylJk8R9Ak$_$1,PYylJk8R9Ak,3
PYylJk8R9Ak$_$4,PYylJk8R9Ak,3
PbyI-sUzLZY$_$5,PbyI-sUzLZY,3
PbyI-sUzLZY$_$4,PbyI-sUzLZY,3
PmemTgQHagk$_$1,PmemTgQHagk,1
PmemTgQHagk$_$7,PmemTgQHagk,1
PoKZEKOf1dA$_$1,PoKZEKOf1dA,3
PoKZEKOf1dA$_$4,PoKZEKOf1dA,3
PohW-isYMK0$_$16,PohW-isYMK0,4
PohW-isYMK0$_$1,PohW-isYMK0,4
PohW-isYMK0$_$7,PohW-isYMK0,4
Q5fZk_jPjBI$_$9,Q5fZk_jPjBI,3
Q5fZk_jPjBI$_$0,Q5fZk_jPjBI,3
Q7nhtfkIPN4$_$3,Q7nhtfkIPN4,0
Q7nhtfkIPN4$_$6,Q7nhtfkIPN4,0
QDRtKv8PvFs$_$3,QDRtKv8PvFs,3
QE0pAVSPsKQ$_$26,QE0pAVSPsKQ,1
QE0pAVSPsKQ$_$12,QE0pAVSPsKQ,1
QE0pAVSPsKQ$_$2,QE0pAVSPsKQ,1
QE0pAVSPsKQ$_$7,QE0pAVSPsKQ,1
QI-TTqj0KnA$_$7,QI-TTqj0KnA,3
QI-TTqj0KnA$_$6,QI-TTqj0KnA,3
QLEOYF7Mju0$_$11,QLEOYF7Mju0,1
QLEOYF7Mju0$_$2,QLEOYF7Mju0,1
QMAztkqnvws$_$6,QMAztkqnvws,2
QNxiqu1y1N0$_$1,QNxiqu1y1N0,3
QOxIdbNwpx0$_$6,QOxIdbNwpx0,3
QQVRIGEUa_Q$_$5,QQVRIGEUa_Q,2
QUpI5kMw_nA$_$10,QUpI5kMw_nA,3
QUpI5kMw_nA$_$17,QUpI5kMw_nA,3
QYp0lGhyL6A$_$13,QYp0lGhyL6A,4
QYp0lGhyL6A$_$14,QYp0lGhyL6A,4
QYp0lGhyL6A$_$4,QYp0lGhyL6A,4
QkMTYY69JYQ$_$1,QkMTYY69JYQ,2
QkMTYY69JYQ$_$4,QkMTYY69JYQ,2
QoIsjc4-GIg$_$8,QoIsjc4-GIg,4
QzdEjKQFisQ$_$8,QzdEjKQFisQ,1
R0o37yJ1PP0$_$3,R0o37yJ1PP0,0
R0o37yJ1PP0$_$5,R0o37yJ1PP0,0
R0o37yJ1PP0$_$6,R0o37yJ1PP0,0
R0uRDh-engU$_$10,R0uRDh-engU,0
R0uRDh-engU$_$5,R0uRDh-engU,0
R5a3TP-l_n4$_$1,R5a3TP-l_n4,3
R9ypacCuEZo$_$4,R9ypacCuEZo,4
R9ypacCuEZo$_$7,R9ypacCuEZo,4
RE-LIPOFnrE$_$4,RE-LIPOFnrE,2
REkPZ77s3Vc$_$0,REkPZ77s3Vc,1
REkPZ77s3Vc$_$4,REkPZ77s3Vc,1
REkPZ77s3Vc$_$7,REkPZ77s3Vc,1
RImmdklTOW0$_$10,RImmdklTOW0,2
RImmdklTOW0$_$15,RImmdklTOW0,2
RImmdklTOW0$_$8,RImmdklTOW0,2
RLHZ6xtIWSM$_$2,RLHZ6xtIWSM,2
RLHZ6xtIWSM$_$6,RLHZ6xtIWSM,2
RRKez9BR-94$_$12,RRKez9BR-94,4
RS5WM3q2ZZQ$_$11,RS5WM3q2ZZQ,3
RS5WM3q2ZZQ$_$10,RS5WM3q2ZZQ,3
RS5WM3q2ZZQ$_$2,RS5WM3q2ZZQ,3
RS5WM3q2ZZQ$_$6,RS5WM3q2ZZQ,3
RST6PgpsLws$_$2,RST6PgpsLws,4
RTzDzj4NxIM$_$7,RTzDzj4NxIM,1
RaTQZrdICKo$_$2,RaTQZrdICKo,0
RadU51t1kL0$_$8,RadU51t1kL0,1
Rdf0Psjyrwc$_$3,Rdf0Psjyrwc,1
Rdf0Psjyrwc$_$2,Rdf0Psjyrwc,1
RgubFcmvgDE$_$0,RgubFcmvgDE,3
RgubFcmvgDE$_$3,RgubFcmvgDE,3
Rse6laKf1i8$_$6,Rse6laKf1i8,2
Rt9rN1ntS3E$_$1,Rt9rN1ntS3E,1
Rt9rN1ntS3E$_$2,Rt9rN1ntS3E,1
Rugd2NMu4bA$_$11,Rugd2NMu4bA,3
Rugd2NMu4bA$_$5,Rugd2NMu4bA,3
RvIohowRPAk$_$11,RvIohowRPAk,1
RvIohowRPAk$_$2,RvIohowRPAk,1
Rw2pzFGosmw$_$7,Rw2pzFGosmw,3
RwcTz-tOIeo$_$2,RwcTz-tOIeo,0
Ry2NJPd4N3s$_$14,Ry2NJPd4N3s,3
S21ApRNQ9Ko$_$15,S21ApRNQ9Ko,3
S21ApRNQ9Ko$_$14,S21ApRNQ9Ko,3
S21ApRNQ9Ko$_$3,S21ApRNQ9Ko,3
S21ApRNQ9Ko$_$2,S21ApRNQ9Ko,3
S2znq3iRPwE$_$10,S2znq3iRPwE,3
S2znq3iRPwE$_$13,S2znq3iRPwE,3
S2znq3iRPwE$_$19,S2znq3iRPwE,3
S6S2XL0-ZpM$_$1,S6S2XL0-ZpM,0
S9PDgK7fpJI$_$14,S9PDgK7fpJI,2
SGsiGz2fdpo$_$23,SGsiGz2fdpo,4
SGsiGz2fdpo$_$29,SGsiGz2fdpo,4
SGsiGz2fdpo$_$5,SGsiGz2fdpo,4
SGsiGz2fdpo$_$4,SGsiGz2fdpo,4
SGsiGz2fdpo$_$6,SGsiGz2fdpo,4
SGsiGz2fdpo$_$9,SGsiGz2fdpo,4
SGsiGz2fdpo$_$8,SGsiGz2fdpo,4
SGsiGz2fdpo$_$11,SGsiGz2fdpo,4
SGsiGz2fdpo$_$15,SGsiGz2fdpo,4
SGsiGz2fdpo$_$33,SGsiGz2fdpo,4
SH0wXyhsx9s$_$0,SH0wXyhsx9s,2
SI39azgVUR8$_$2,SI39azgVUR8,4
SLi2gT5H6m8$_$3,SLi2gT5H6m8,2
SLi2gT5H6m8$_$5,SLi2gT5H6m8,2
SMr2DprlLu4$_$1,SMr2DprlLu4,4
SMzV26l6iA0$_$0,SMzV26l6iA0,0
STeqtJLakQQ$_$2,STeqtJLakQQ,2
STeqtJLakQQ$_$5,STeqtJLakQQ,2
SWHmteF5Rlk$_$2,SWHmteF5Rlk,3
SWHmteF5Rlk$_$6,SWHmteF5Rlk,3
SWhfaL7AdEc$_$2,SWhfaL7AdEc,3
SWhfaL7AdEc$_$4,SWhfaL7AdEc,3
SYnygYs-fAg$_$14,SYnygYs-fAg,3
SYnygYs-fAg$_$0,SYnygYs-fAg,3
SYnygYs-fAg$_$6,SYnygYs-fAg,3
SYnygYs-fAg$_$8,SYnygYs-fAg,3
S_mxvk4LEh0$_$12,S_mxvk4LEh0,2
S_mxvk4LEh0$_$5,S_mxvk4LEh0,2
Sb2xMPwNKPo$_$18,Sb2xMPwNKPo,0
Sb2xMPwNKPo$_$5,Sb2xMPwNKPo,0
ShgrdU9WAJE$_$12,ShgrdU9WAJE,0
ShgrdU9WAJE$_$2,ShgrdU9WAJE,0
ShgrdU9WAJE$_$5,ShgrdU9WAJE,0
Sir2QeCh4B0$_$5,Sir2QeCh4B0,4
So3bPzg2bq0$_$10,So3bPzg2bq0,2
So3bPzg2bq0$_$2,So3bPzg2bq0,2
SrMN3rwvCsE$_$1,SrMN3rwvCsE,0
StgqrTr0JqU$_$10,StgqrTr0JqU,0
StgqrTr0JqU$_$0,StgqrTr0JqU,0
SxbTZjZD0vU$_$5,SxbTZjZD0vU,0
SzJf6viBWBg$_$2,SzJf6viBWBg,0
SzJf6viBWBg$_$4,SzJf6viBWBg,0
T-8TvJcS78w$_$3,T-8TvJcS78w,1
T-8TvJcS78w$_$7,T-8TvJcS78w,1
T1icdxz0TNs$_$0,T1icdxz0TNs,1
T4e4Ba1sRg0$_$0,T4e4Ba1sRg0,2
T4e4Ba1sRg0$_$3,T4e4Ba1sRg0,2
T4e4Ba1sRg0$_$9,T4e4Ba1sRg0,2
TBCjKGYBNIo$_$24,TBCjKGYBNIo,0
TBCjKGYBNIo$_$20,TBCjKGYBNIo,0
TBCjKGYBNIo$_$3,TBCjKGYBNIo,0
TBCjKGYBNIo$_$19,TBCjKGYBNIo,0
TBwetweXRb4$_$5,TBwetweXRb4,3
TFKgo5JlPro$_$1,TFKgo5JlPro,1
TFKgo5JlPro$_$0,TFKgo5JlPro,1
TM7cHOHfF70$_$30,TM7cHOHfF70,0
TM7cHOHfF70$_$5,TM7cHOHfF70,0
TNwwVWA-oAE$_$22,TNwwVWA-oAE,2
TNwwVWA-oAE$_$16,TNwwVWA-oAE,2
TO5HjoK8Iu8$_$10,TO5HjoK8Iu8,2
TO5HjoK8Iu8$_$12,TO5HjoK8Iu8,2
TSDC7CCyeGY$_$5,TSDC7CCyeGY,0
TUY83eDK5jc$_$17,TUY83eDK5jc,4
TVhXqAI9gyA$_$1,TVhXqAI9gyA,0
TWMFQED1Myk$_$1,TWMFQED1Myk,2
TWMFQED1Myk$_$3,TWMFQED1Myk,2
TWMFQED1Myk$_$6,TWMFQED1Myk,2
TWf0XFpXwfs$_$0,TWf0XFpXwfs,3
TZXcQemh8n8$_$11,TZXcQemh8n8,1
Ta_IgA3XJ3s$_$27,Ta_IgA3XJ3s,4
Ta_IgA3XJ3s$_$21,Ta_IgA3XJ3s,4
TahiuVpcROM$_$2,TahiuVpcROM,1
TfBVq9oWBmM$_$1,TfBVq9oWBmM,4
Tiq67-bAV3M$_$5,Tiq67-bAV3M,1
TwTLsgfpKvA$_$0,TwTLsgfpKvA,4
TwTLsgfpKvA$_$9,TwTLsgfpKvA,4
TxJjAK0WrOY$_$10,TxJjAK0WrOY,2
U8Ewftg_8CI$_$2,U8Ewftg_8CI,0
UK_IXtJ2BqI$_$17,UK_IXtJ2BqI,1
UK_IXtJ2BqI$_$3,UK_IXtJ2BqI,1
UK_IXtJ2BqI$_$7,UK_IXtJ2BqI,1
ULtBuI6nMaY$_$10,ULtBuI6nMaY,3
ULtBuI6nMaY$_$1,ULtBuI6nMaY,3
UUukBV82P9A$_$11,UUukBV82P9A,1
UUukBV82P9A$_$10,UUukBV82P9A,1
UUukBV82P9A$_$2,UUukBV82P9A,1
UXvMaHD9kmA$_$10,UXvMaHD9kmA,1
UXvMaHD9kmA$_$18,UXvMaHD9kmA,1
UXvMaHD9kmA$_$14,UXvMaHD9kmA,1
Ua4g9q0r-dI$_$24,Ua4g9q0r-dI,1
Ua4g9q0r-dI$_$15,Ua4g9q0r-dI,1
Ua4g9q0r-dI$_$31,Ua4g9q0r-dI,1
Ua4g9q0r-dI$_$14,Ua4g9q0r-dI,1
Uc-0G7RRxoY$_$16,Uc-0G7RRxoY,3
Uc-0G7RRxoY$_$6,Uc-0G7RRxoY,3
UeOIb6s0pVM$_$6,UeOIb6s0pVM,0
UeOIb6s0pVM$_$8,UeOIb6s0pVM,0
UgTM9y2rD38$_$2,UgTM9y2rD38,3
UkqTwAuA8jI$_$7,UkqTwAuA8jI,0
UmB5c_QqUPs$_$11,UmB5c_QqUPs,3
UtjenieM1Ak$_$6,UtjenieM1Ak,3
UtuTyW9pUN8$_$6,UtuTyW9pUN8,2
Uw1nWfSuyo8$_$2,Uw1nWfSuyo8,0
VAFdgtqZz4g$_$4,VAFdgtqZz4g,1
VAr7gJydnys$_$13,VAr7gJydnys,1
VAr7gJydnys$_$1,VAr7gJydnys,1
VAr7gJydnys$_$0,VAr7gJydnys,1
VAr7gJydnys$_$6,VAr7gJydnys,1
VDjnKdFxuBE$_$0,VDjnKdFxuBE,0
VN1IPN1TL3Q$_$0,VN1IPN1TL3Q,3
VN1IPN1TL3Q$_$5,VN1IPN1TL3Q,3
VUrTT7xsrec$_$1,VUrTT7xsrec,1
VWik5oKP6IU$_$3,VWik5oKP6IU,4
VZqkWIPmH6w$_$4,VZqkWIPmH6w,4
Va54WZgPTdY$_$6,Va54WZgPTdY,4
VbSsGRXIwjc$_$2,VbSsGRXIwjc,3
Ve-mmCM8TI0$_$15,Ve-mmCM8TI0,1
Ve-mmCM8TI0$_$2,Ve-mmCM8TI0,1
Ve-mmCM8TI0$_$4,Ve-mmCM8TI0,1
Ve-mmCM8TI0$_$7,Ve-mmCM8TI0,1
Ve-mmCM8TI0$_$6,Ve-mmCM8TI0,1
VhKJm_jiciU$_$10,VhKJm_jiciU,4
VjAvqFXEmmk$_$3,VjAvqFXEmmk,1
VjAvqFXEmmk$_$2,VjAvqFXEmmk,1
VjAvqFXEmmk$_$4,VjAvqFXEmmk,1
VoETCD8fBLI$_$5,VoETCD8fBLI,3
Vv2DTPyyw90$_$0,Vv2DTPyyw90,4
Vw4-ae-ucHE$_$0,Vw4-ae-ucHE,2
Vw4-ae-ucHE$_$3,Vw4-ae-ucHE,2
Vw4-ae-ucHE$_$2,Vw4-ae-ucHE,2
Vx8npmcFxak$_$5,Vx8npmcFxak,3
VybXjsmsjAY$_$13,VybXjsmsjAY,2
W-pA0lOGLR0$_$5,W-pA0lOGLR0,3
W-ptEZFARVo$_$2,W-ptEZFARVo,3
W-q9bPlMIVI$_$14,W-q9bPlMIVI,4
W40BaML7mzc$_$0,W40BaML7mzc,1
W53uRqITk2I$_$0,W53uRqITk2I,0
W53uRqITk2I$_$6,W53uRqITk2I,0
WAXJRnJXmOA$_$18,WAXJRnJXmOA,4
WAXJRnJXmOA$_$5,WAXJRnJXmOA,4
WBCRTcMJZZc$_$3,WBCRTcMJZZc,4
WGfGxoI05ew$_$3,WGfGxoI05ew,3
WHUHTmtBJWU$_$14,WHUHTmtBJWU,1
WMzvDL7b4sM$_$0,WMzvDL7b4sM,4
WTF9xgqLIvI$_$2,WTF9xgqLIvI,4
WTF9xgqLIvI$_$7,WTF9xgqLIvI,4
WUeSV0Z23Kg$_$1,WUeSV0Z23Kg,4
WXKgBIiP8IA$_$10,WXKgBIiP8IA,1
WXKgBIiP8IA$_$1,WXKgBIiP8IA,1
WXKgBIiP8IA$_$2,WXKgBIiP8IA,1
WXKgBIiP8IA$_$5,WXKgBIiP8IA,1
Wfn7XvSEwUA$_$1,Wfn7XvSEwUA,3
Wfn7XvSEwUA$_$3,Wfn7XvSEwUA,3
Wh6sht7xwqQ$_$11,Wh6sht7xwqQ,2
Wh6sht7xwqQ$_$0,Wh6sht7xwqQ,2
Wn8nz8GPKkI$_$1,Wn8nz8GPKkI,2
Wn8nz8GPKkI$_$0,Wn8nz8GPKkI,2
Wnw1IAEDwDM$_$0,Wnw1IAEDwDM,3
Wo1RxRjXyYw$_$3,Wo1RxRjXyYw,3
Wo1RxRjXyYw$_$2,Wo1RxRjXyYw,3
Wo1RxRjXyYw$_$6,Wo1RxRjXyYw,3
Wo1RxRjXyYw$_$8,Wo1RxRjXyYw,3
WtiBpLt2wuA$_$2,WtiBpLt2wuA,2
Wx9nThz5z_Y$_$31,Wx9nThz5z_Y,1
WxYb2x_irTM$_$2,WxYb2x_irTM,0
X0jMZoxUL2A$_$4,X0jMZoxUL2A,0
X0jMZoxUL2A$_$7,X0jMZoxUL2A,0
X0jMZoxUL2A$_$8,X0jMZoxUL2A,0
X2leyjuolDM$_$8,X2leyjuolDM,4
X6-jJO00DMg$_$8,X6-jJO00DMg,3
X7-Gbk8gAD0$_$0,X7-Gbk8gAD0,0
X7-Gbk8gAD0$_$2,X7-Gbk8gAD0,0
X7-Gbk8gAD0$_$6,X7-Gbk8gAD0,0
XAT2IfFFAU0$_$3,XAT2IfFFAU0,0
XAgD-xoil40$_$16,XAgD-xoil40,1
XAgD-xoil40$_$2,XAgD-xoil40,1
XCyngF93SmU$_$5,XCyngF93SmU,1
XCyngF93SmU$_$4,XCyngF93SmU,1
XDVkhOziCkg$_$1,XDVkhOziCkg,1
XEZ7e4pf1xE$_$11,XEZ7e4pf1xE,2
XEZ7e4pf1xE$_$12,XEZ7e4pf1xE,2
XFGHTk_3hGg$_$9,XFGHTk_3hGg,2
XFGHTk_3hGg$_$5,XFGHTk_3hGg,2
XFGHTk_3hGg$_$6,XFGHTk_3hGg,2
XPoY4LD-A1I$_$12,XPoY4LD-A1I,1
XPoY4LD-A1I$_$8,XPoY4LD-A1I,1
XQOUZhWI1B0$_$3,XQOUZhWI1B0,3
XQxnAPleuCE$_$3,XQxnAPleuCE,4
XVSDfgstFUQ$_$1,XVSDfgstFUQ,2
XVSDfgstFUQ$_$3,XVSDfgstFUQ,2
XVSDfgstFUQ$_$4,XVSDfgstFUQ,2
XXvSLz8QmGk$_$10,XXvSLz8QmGk,0
XXvSLz8QmGk$_$7,XXvSLz8QmGk,0
XbolrpSc0KU$_$5,XbolrpSc0KU,4
XcHLB-qfv5M$_$0,XcHLB-qfv5M,4
XcHLB-qfv5M$_$3,XcHLB-qfv5M,4
XgT2WWcXip4$_$7,XgT2WWcXip4,3
Xo6-V2RlWss$_$1,Xo6-V2RlWss,1
Xo6-V2RlWss$_$0,Xo6-V2RlWss,1
Xq7zLxYHxd8$_$10,Xq7zLxYHxd8,0
XsEPZydHWdo$_$4,XsEPZydHWdo,4
XwOdPYlyqXA$_$12,XwOdPYlyqXA,0
Xx7Y2YIbleA$_$16,Xx7Y2YIbleA,3
Xx7Y2YIbleA$_$9,Xx7Y2YIbleA,3
Xx7Y2YIbleA$_$8,Xx7Y2YIbleA,3
XyBU_gZtU0M$_$23,XyBU_gZtU0M,2
XyBU_gZtU0M$_$4,XyBU_gZtU0M,2
XyBU_gZtU0M$_$9,XyBU_gZtU0M,2
XzhRYIeczg4$_$6,XzhRYIeczg4,1
Y6zyM1nDhN0$_$2,Y6zyM1nDhN0,4
Y6zyM1nDhN0$_$4,Y6zyM1nDhN0,4
YAYfMkxhRiQ$_$3,YAYfMkxhRiQ,4
YB9EUgrzCCo$_$10,YB9EUgrzCCo,3
YB9EUgrzCCo$_$5,YB9EUgrzCCo,3
YGeVGXXK3ao$_$1,YGeVGXXK3ao,4
YGeVGXXK3ao$_$4,YGeVGXXK3ao,4
YITXOmhQhYE$_$0,YITXOmhQhYE,0
YITXOmhQhYE$_$3,YITXOmhQhYE,0
YITXOmhQhYE$_$5,YITXOmhQhYE,0
YITXOmhQhYE$_$7,YITXOmhQhYE,0
YITXOmhQhYE$_$6,YITXOmhQhYE,0
YJJoYkFPmds$_$10,YJJoYkFPmds,0
YJJoYkFPmds$_$5,YJJoYkFPmds,0
YJJoYkFPmds$_$7,YJJoYkFPmds,0
YLA7h1RTa9w$_$4,YLA7h1RTa9w,2
YRmjALBdTdE$_$7,YRmjALBdTdE,0
YVBsDJtAbk4$_$7,YVBsDJtAbk4,2
YVHJpAROBvQ$_$2,YVHJpAROBvQ,0
YWjTWl0oNLk$_$11,YWjTWl0oNLk,4
YWjTWl0oNLk$_$1,YWjTWl0oNLk,4
YWjTWl0oNLk$_$3,YWjTWl0oNLk,4
YWjTWl0oNLk$_$4,YWjTWl0oNLk,4
YWjTWl0oNLk$_$7,YWjTWl0oNLk,4
YWjTWl0oNLk$_$9,YWjTWl0oNLk,4
YWxvIFmYnNU$_$13,YWxvIFmYnNU,2
YWxvIFmYnNU$_$20,YWxvIFmYnNU,2
YWxvIFmYnNU$_$26,YWxvIFmYnNU,2
YcJ5RJYUr7Y$_$17,YcJ5RJYUr7Y,1
YcJ5RJYUr7Y$_$19,YcJ5RJYUr7Y,1
YcJ5RJYUr7Y$_$2,YcJ5RJYUr7Y,1
YcyHQQXGXWA$_$4,YcyHQQXGXWA,4
YfxtwXXkCmc$_$0,YfxtwXXkCmc,4
Yi6Qyn4X8is$_$16,Yi6Qyn4X8is,4
Yi6Qyn4X8is$_$7,Yi6Qyn4X8is,4
YmGfjU5PGyE$_$5,YmGfjU5PGyE,3
Yn8vNC41UMg$_$10,Yn8vNC41UMg,2
YodtMIsjM0c$_$7,YodtMIsjM0c,2
Z-26eyME6Co$_$10,Z-26eyME6Co,0
Z3fcd1wdzr0$_$2,Z3fcd1wdzr0,2
Z3fcd1wdzr0$_$5,Z3fcd1wdzr0,2
Z3fcd1wdzr0$_$4,Z3fcd1wdzr0,2
Z3fcd1wdzr0$_$7,Z3fcd1wdzr0,2
ZDz8Qr-sJ3E$_$3,ZDz8Qr-sJ3E,2
ZDz8Qr-sJ3E$_$4,ZDz8Qr-sJ3E,2
ZJGzEeDXbyM$_$0,ZJGzEeDXbyM,1
ZQuGizjoCTY$_$4,ZQuGizjoCTY,3
ZQuGizjoCTY$_$8,ZQuGizjoCTY,3
ZSBoSJaD2tQ$_$1,ZSBoSJaD2tQ,3
ZSBoSJaD2tQ$_$8,ZSBoSJaD2tQ,3
ZW4Oe_fKJM0$_$7,ZW4Oe_fKJM0,1
ZXHX_e6HCI0$_$0,ZXHX_e6HCI0,2
ZZ1IyZaMTWQ$_$0,ZZ1IyZaMTWQ,2
ZZ1IyZaMTWQ$_$5,ZZ1IyZaMTWQ,2
Zae-zQ3VBpY$_$2,Zae-zQ3VBpY,3
Zg9DKOHJdw8$_$3,Zg9DKOHJdw8,3
Zj_4YmbMWtg$_$10,Zj_4YmbMWtg,4
Zo8jCDGMWjw$_$0,Zo8jCDGMWjw,0
Zs8x712Y-CM$_$8,Zs8x712Y-CM,3
ZtuTCuh9C1M$_$11,ZtuTCuh9C1M,1
ZtuTCuh9C1M$_$8,ZtuTCuh9C1M,1
ZzL2sHtTWRc$_$1,ZzL2sHtTWRc,0
_26JmJnPKfM$_$5,_26JmJnPKfM,2
_26JmJnPKfM$_$8,_26JmJnPKfM,2
_26JmJnPKfM$_$11,_26JmJnPKfM,2
_26JmJnPKfM$_$13,_26JmJnPKfM,2
_26JmJnPKfM$_$12,_26JmJnPKfM,2
_26JmJnPKfM$_$15,_26JmJnPKfM,2
_26JmJnPKfM$_$14,_26JmJnPKfM,2
_4PNh8dIILI$_$3,_4PNh8dIILI,3
_8pvMpMdGM4$_$1,_8pvMpMdGM4,1
_8pvMpMdGM4$_$0,_8pvMpMdGM4,1
_8pvMpMdGM4$_$4,_8pvMpMdGM4,1
_8pvMpMdGM4$_$6,_8pvMpMdGM4,1
_HabvL0VnrQ$_$31,_HabvL0VnrQ,4
_HabvL0VnrQ$_$0,_HabvL0VnrQ,4
_HabvL0VnrQ$_$9,_HabvL0VnrQ,4
_HanACduNJk$_$10,_HanACduNJk,1
_HanACduNJk$_$12,_HanACduNJk,1
_HanACduNJk$_$2,_HanACduNJk,1
_JcML8u5Wes$_$3,_JcML8u5Wes,2
_PKP676ez2c$_$4,_PKP676ez2c,0
_PKP676ez2c$_$7,_PKP676ez2c,0
_UNQDdiAbWI$_$4,_UNQDdiAbWI,3
_XWUKMkxa-Q$_$4,_XWUKMkxa-Q,3
_YzIvwvyIq4$_$5,_YzIvwvyIq4,1
_bIJOxiIJFk$_$5,_bIJOxiIJFk,0
_bIJOxiIJFk$_$4,_bIJOxiIJFk,0
_iRAn6feOmw$_$25,_iRAn6feOmw,2
_iRAn6feOmw$_$15,_iRAn6feOmw,2
_iRAn6feOmw$_$14,_iRAn6feOmw,2
_iy7ftq27xE$_$11,_iy7ftq27xE,4
_iy7ftq27xE$_$6,_iy7ftq27xE,4
_iy7ftq27xE$_$9,_iy7ftq27xE,4
_qVgNLJCYdA$_$0,_qVgNLJCYdA,3
_qVgNLJCYdA$_$6,_qVgNLJCYdA,3
_t8ETpf2LnM$_$0,_t8ETpf2LnM,0
_v8c7iWkYz0$_$4,_v8c7iWkYz0,1
_xjBqNfiEY4$_$0,_xjBqNfiEY4,4
a4vRa-_nuJw$_$11,a4vRa-_nuJw,0
a4vRa-_nuJw$_$10,a4vRa-_nuJw,0
a4vRa-_nuJw$_$4,a4vRa-_nuJw,0
a5CSKvCAhbs$_$11,a5CSKvCAhbs,3
a5CSKvCAhbs$_$7,a5CSKvCAhbs,3
a5CSKvCAhbs$_$6,a5CSKvCAhbs,3
a5FKWiI90hk$_$3,a5FKWiI90hk,3
a7HHg_JygJo$_$5,a7HHg_JygJo,4
a7HHg_JygJo$_$6,a7HHg_JygJo,4
a8WV5KEMKSw$_$1,a8WV5KEMKSw,1
a8WV5KEMKSw$_$0,a8WV5KEMKSw,1
aCwLQrJz4Bo$_$0,aCwLQrJz4Bo,0
aDvgbBqTWWE$_$10,aDvgbBqTWWE,2
aDvgbBqTWWE$_$23,aDvgbBqTWWE,2
aDvgbBqTWWE$_$30,aDvgbBqTWWE,2
aE7sckIAWuw$_$4,aE7sckIAWuw,4
aE7sckIAWuw$_$8,aE7sckIAWuw,4
aFjMWlR1QAY$_$0,aFjMWlR1QAY,3
aFjMWlR1QAY$_$3,aFjMWlR1QAY,3
aFjMWlR1QAY$_$2,aFjMWlR1QAY,3
aFjMWlR1QAY$_$9,aFjMWlR1QAY,3
aI1tdJPHz2I$_$1,aI1tdJPHz2I,1
aIUF3QJJOF4$_$12,aIUF3QJJOF4,4
aIUF3QJJOF4$_$0,aIUF3QJJOF4,4
aIUF3QJJOF4$_$3,aIUF3QJJOF4,4
aIUF3QJJOF4$_$2,aIUF3QJJOF4,4
aIUF3QJJOF4$_$7,aIUF3QJJOF4,4
aNOuoSVlunM$_$8,aNOuoSVlunM,4
aNOuoSVlunM$_$0,aNOuoSVlunM,4
afCsKTHteg4$_$5,afCsKTHteg4,0
ahcAFnY6iAY$_$1,ahcAFnY6iAY,4
aiUq5xksJy0$_$5,aiUq5xksJy0,0
aiUq5xksJy0$_$7,aiUq5xksJy0,0
ak7N0BqMluI$_$3,ak7N0BqMluI,1
ak7N0BqMluI$_$2,ak7N0BqMluI,1
amem5EmRG3s$_$2,amem5EmRG3s,3
ap465Tlzf88$_$1,ap465Tlzf88,1
aqmRPNfeOy8$_$0,aqmRPNfeOy8,1
aqmRPNfeOy8$_$2,aqmRPNfeOy8,1
asWraTfIqq0$_$11,asWraTfIqq0,4
asWraTfIqq0$_$4,asWraTfIqq0,4
asWraTfIqq0$_$6,asWraTfIqq0,4
assx_NKo-L8$_$14,assx_NKo-L8,0
assx_NKo-L8$_$4,assx_NKo-L8,0
assx_NKo-L8$_$9,assx_NKo-L8,0
assx_NKo-L8$_$20,assx_NKo-L8,0
atxoi7pB5TM$_$2,atxoi7pB5TM,3
avW2m6VHTyg$_$2,avW2m6VHTyg,2
b1Il3Nf6BrU$_$6,b1Il3Nf6BrU,3
b8xmgi4VV0M$_$9,b8xmgi4VV0M,1
bBJ0BxmIocQ$_$1,bBJ0BxmIocQ,2
bBJ0BxmIocQ$_$0,bBJ0BxmIocQ,2
bBJ0BxmIocQ$_$12,bBJ0BxmIocQ,2
bBJ0BxmIocQ$_$19,bBJ0BxmIocQ,2
bBJ0BxmIocQ$_$18,bBJ0BxmIocQ,2
bCDfIJ12oqM$_$0,bCDfIJ12oqM,4
bQcJVJcpgAs$_$1,bQcJVJcpgAs,4
bU6CgE_kMRY$_$5,bU6CgE_kMRY,4
bUFAN2TgPaU$_$11,bUFAN2TgPaU,4
bVhWpCvpSs4$_$1,bVhWpCvpSs4,1
bVhWpCvpSs4$_$3,bVhWpCvpSs4,1
bVhWpCvpSs4$_$2,bVhWpCvpSs4,1
bVhWpCvpSs4$_$6,bVhWpCvpSs4,1
bYt4wybVLRQ$_$3,bYt4wybVLRQ,4
bYt4wybVLRQ$_$16,bYt4wybVLRQ,4
bZ2ytqPtyK4$_$14,bZ2ytqPtyK4,4
b_SffSbPVJM$_$5,b_SffSbPVJM,2
babuyKl7EAw$_$5,babuyKl7EAw,4
badtXoOJaf8$_$7,badtXoOJaf8,1
bcns0Gu66D8$_$3,bcns0Gu66D8,0
bdtwQxwySN0$_$15,bdtwQxwySN0,1
bdtwQxwySN0$_$2,bdtwQxwySN0,1
bfy28AlY-TQ$_$3,bfy28AlY-TQ,0
bh4_Kd4hhd4$_$1,bh4_Kd4hhd4,1
bhFK-xy76U4$_$1,bhFK-xy76U4,0
bhPB19tr-JY$_$0,bhPB19tr-JY,1
bhPB19tr-JY$_$6,bhPB19tr-JY,1
bkP-BNW4oMg$_$0,bkP-BNW4oMg,0
c5-L8vC6_sk$_$8,c5-L8vC6_sk,4
c6wuh0NRG1s$_$1,c6wuh0NRG1s,1
c6wuh0NRG1s$_$0,c6wuh0NRG1s,1
c6wuh0NRG1s$_$9,c6wuh0NRG1s,1
c7xUcM68IFE$_$2,c7xUcM68IFE,1
c7xUcM68IFE$_$5,c7xUcM68IFE,1
c7xUcM68IFE$_$9,c7xUcM68IFE,1
c805Td8A_Ek$_$22,c805Td8A_Ek,3
c805Td8A_Ek$_$17,c805Td8A_Ek,3
c805Td8A_Ek$_$16,c805Td8A_Ek,3
c9jD33baJ60$_$1,c9jD33baJ60,0
c9jD33baJ60$_$0,c9jD33baJ60,0
cAA2mONG98w$_$2,cAA2mONG98w,0
cEXJ2zFbC9I$_$4,cEXJ2zFbC9I,4
cKUPgzZu-Fk$_$4,cKUPgzZu-Fk,1
cKldvZeyRDA$_$2,cKldvZeyRDA,0
cKxNJY7sA8s$_$1,cKxNJY7sA8s,2
cM1Zuji24dI$_$3,cM1Zuji24dI,0
cM1Zuji24dI$_$2,cM1Zuji24dI,0
cOcNe3L4VAg$_$10,cOcNe3L4VAg,1
cOcNe3L4VAg$_$13,cOcNe3L4VAg,1
cOcNe3L4VAg$_$2,cOcNe3L4VAg,1
cRFiXLzcCOA$_$3,cRFiXLzcCOA,2
cS3BDGNDu_8$_$10,cS3BDGNDu_8,3
cS3BDGNDu_8$_$2,cS3BDGNDu_8,3
cUm0TN3vXRc$_$2,cUm0TN3vXRc,4
cZVM4svwE90$_$25,cZVM4svwE90,2
cZVM4svwE90$_$26,cZVM4svwE90,2
cZVM4svwE90$_$1,cZVM4svwE90,2
cZVM4svwE90$_$3,cZVM4svwE90,2
cZVM4svwE90$_$4,cZVM4svwE90,2
cZVM4svwE90$_$6,cZVM4svwE90,2
cZVM4svwE90$_$13,cZVM4svwE90,2
cZVM4svwE90$_$12,cZVM4svwE90,2
cZVM4svwE90$_$15,cZVM4svwE90,2
c_FJuhSte8Q$_$5,c_FJuhSte8Q,0
c_FJuhSte8Q$_$7,c_FJuhSte8Q,0
c_FJuhSte8Q$_$8,c_FJuhSte8Q,0
caLWajc18Y4$_$5,caLWajc18Y4,2
caLWajc18Y4$_$6,caLWajc18Y4,2
caLWajc18Y4$_$9,caLWajc18Y4,2
cfX_iuhCbRY$_$1,cfX_iuhCbRY,3
cfX_iuhCbRY$_$5,cfX_iuhCbRY,3
cjgq9d8Zn9g$_$2,cjgq9d8Zn9g,3
cmJW6mkspkI$_$0,cmJW6mkspkI,4
cnllFPRyBFs$_$0,cnllFPRyBFs,2
ctMCSUT2LlQ$_$4,ctMCSUT2LlQ,4
d0QNH2vcDgU$_$3,d0QNH2vcDgU,3
d0QNH2vcDgU$_$13,d0QNH2vcDgU,3
d38u9n5GOLM$_$26,d38u9n5GOLM,3
d38u9n5GOLM$_$18,d38u9n5GOLM,3
d38u9n5GOLM$_$28,d38u9n5GOLM,3
d38u9n5GOLM$_$6,d38u9n5GOLM,3
d3I7Ug-_3L0$_$0,d3I7Ug-_3L0,2
d3I7Ug-_3L0$_$5,d3I7Ug-_3L0,2
d3I7Ug-_3L0$_$6,d3I7Ug-_3L0,2
d89Z_olwc2Y$_$24,d89Z_olwc2Y,0
d99mfGIenCo$_$15,d99mfGIenCo,0
d99mfGIenCo$_$16,d99mfGIenCo,0
d99mfGIenCo$_$1,d99mfGIenCo,0
d99mfGIenCo$_$2,d99mfGIenCo,0
dCDAcBR505Q$_$14,dCDAcBR505Q,1
dJ5MXl66-UQ$_$1,dJ5MXl66-UQ,3
dQ56b0bqmc8$_$5,dQ56b0bqmc8,4
dSax_7klbfE$_$17,dSax_7klbfE,4
dSax_7klbfE$_$1,dSax_7klbfE,4
dWfgSGnd9zM$_$6,dWfgSGnd9zM,4
dXMAS2tIknw$_$6,dXMAS2tIknw,2
dYyg91d7zjY$_$2,dYyg91d7zjY,3
damyXH7mBic$_$11,damyXH7mBic,0
dbpGH5iP0GE$_$2,dbpGH5iP0GE,1
dbpGH5iP0GE$_$3,dbpGH5iP0GE,1
dcUlt6zk_S0$_$5,dcUlt6zk_S0,2
ddix4XuaUlY$_$4,ddix4XuaUlY,0
dqragS38hCk$_$10,dqragS38hCk,3
dqragS38hCk$_$2,dqragS38hCk,3
dqragS38hCk$_$8,dqragS38hCk,3
dsob2MgUPpA$_$13,dsob2MgUPpA,2
dsob2MgUPpA$_$3,dsob2MgUPpA,2
dsob2MgUPpA$_$2,dsob2MgUPpA,2
dsob2MgUPpA$_$5,dsob2MgUPpA,2
dyZdiWNflko$_$6,dyZdiWNflko,0
e-2QlzFeyNU$_$4,e-2QlzFeyNU,1
e0hYEr848TE$_$0,e0hYEr848TE,1
e0ltF8zpEcw$_$9,e0ltF8zpEcw,0
e0ltF8zpEcw$_$8,e0ltF8zpEcw,0
e1E5W_ZefmY$_$10,e1E5W_ZefmY,0
e1E5W_ZefmY$_$3,e1E5W_ZefmY,0
e7_2U4lm6TE$_$38,e7_2U4lm6TE,4
e7_2U4lm6TE$_$28,e7_2U4lm6TE,4
e7_2U4lm6TE$_$7,e7_2U4lm6TE,4
eJwZfdtlks8$_$15,eJwZfdtlks8,1
ePtlUYCdrNM$_$1,ePtlUYCdrNM,1
eSHOcLD5T58$_$7,eSHOcLD5T58,4
eSHOcLD5T58$_$9,eSHOcLD5T58,4
eTCnM472-cQ$_$0,eTCnM472-cQ,3
eTn2P4wmFr4$_$12,eTn2P4wmFr4,4
eTn2P4wmFr4$_$15,eTn2P4wmFr4,4
eTn2P4wmFr4$_$3,eTn2P4wmFr4,4
eTn2P4wmFr4$_$7,eTn2P4wmFr4,4
eTn2P4wmFr4$_$9,eTn2P4wmFr4,4
eW1vgHE6FRM$_$14,eW1vgHE6FRM,1
eW1vgHE6FRM$_$3,eW1vgHE6FRM,1
eY64P27khzk$_$0,eY64P27khzk,1
eY64P27khzk$_$3,eY64P27khzk,1
eeN7l4R3nPc$_$10,eeN7l4R3nPc,3
efLrpnuLwyU$_$1,efLrpnuLwyU,3
emtvrtk-jsU$_$7,emtvrtk-jsU,2
ep3IasggD3k$_$10,ep3IasggD3k,2
esR-tOjT6KM$_$0,esR-tOjT6KM,0
esR-tOjT6KM$_$3,esR-tOjT6KM,0
esR-tOjT6KM$_$6,esR-tOjT6KM,0
esnOE1LefKA$_$1,esnOE1LefKA,3
f49boM5fb8U$_$6,f49boM5fb8U,2
f5k5cF80aUE$_$4,f5k5cF80aUE,3
f5k5cF80aUE$_$6,f5k5cF80aUE,3
f6S2XNPIiFk$_$19,f6S2XNPIiFk,0
f6S2XNPIiFk$_$2,f6S2XNPIiFk,0
f6S2XNPIiFk$_$5,f6S2XNPIiFk,0
fB816aeHRFk$_$0,fB816aeHRFk,1
fGYbbP8RDLQ$_$5,fGYbbP8RDLQ,1
fOxg1NstCHA$_$4,fOxg1NstCHA,2
fTNOAssiTYk$_$3,fTNOAssiTYk,2
fTNOAssiTYk$_$6,fTNOAssiTYk,2
fW1pK2L6RgM$_$3,fW1pK2L6RgM,0
faXGVcVcVsE$_$14,faXGVcVcVsE,3
faXGVcVcVsE$_$9,faXGVcVcVsE,3
faXGVcVcVsE$_$8,faXGVcVcVsE,3
fbHlBmq7Ipo$_$10,fbHlBmq7Ipo,0
fbHlBmq7Ipo$_$8,fbHlBmq7Ipo,0
fbSxct2JcKU$_$5,fbSxct2JcKU,4
fdK_tsvBXJ8$_$5,fdK_tsvBXJ8,4
fi7g4GoK-z4$_$4,fi7g4GoK-z4,0
fjE2EZKgQm8$_$5,fjE2EZKgQm8,3
fjE2EZKgQm8$_$4,fjE2EZKgQm8,3
flBtk736di4$_$8,flBtk736di4,4
frNJdG0GkYw$_$1,frNJdG0GkYw,0
fzuTEKwNS94$_$8,fzuTEKwNS94,4
fzuTEKwNS94$_$16,fzuTEKwNS94,4
g99kISQbyuI$_$11,g99kISQbyuI,0
g99kISQbyuI$_$0,g99kISQbyuI,0
g99kISQbyuI$_$3,g99kISQbyuI,0
g99kISQbyuI$_$5,g99kISQbyuI,0
g9rNhtFG9aU$_$12,g9rNhtFG9aU,2
gAMbkJk6gnE$_$2,gAMbkJk6gnE,4
gAMbkJk6gnE$_$4,gAMbkJk6gnE,4
gC_wF3uKFW0$_$2,gC_wF3uKFW0,2
gC_wF3uKFW0$_$5,gC_wF3uKFW0,2
gC_wF3uKFW0$_$4,gC_wF3uKFW0,2
gEgcpVY8WK4$_$27,gEgcpVY8WK4,0
gEgcpVY8WK4$_$21,gEgcpVY8WK4,0
gEgcpVY8WK4$_$22,gEgcpVY8WK4,0
gEgcpVY8WK4$_$28,gEgcpVY8WK4,0
gEgcpVY8WK4$_$8,gEgcpVY8WK4,0
gEgcpVY8WK4$_$14,gEgcpVY8WK4,0
gEgcpVY8WK4$_$17,gEgcpVY8WK4,0
gEgcpVY8WK4$_$30,gEgcpVY8WK4,0
gFAOKuqpUq4$_$0,gFAOKuqpUq4,3
gPWyANEm0eE$_$10,gPWyANEm0eE,4
gPWyANEm0eE$_$2,gPWyANEm0eE,4
gPWyANEm0eE$_$4,gPWyANEm0eE,4
gRAmIaSlm80$_$0,gRAmIaSlm80,0
gU7McujYYPY$_$1,gU7McujYYPY,4
gU7McujYYPY$_$3,gU7McujYYPY,4
gU7McujYYPY$_$8,gU7McujYYPY,4
gXDRWhJbfFU$_$1,gXDRWhJbfFU,2
gXDRWhJbfFU$_$4,gXDRWhJbfFU,2
gXDRWhJbfFU$_$9,gXDRWhJbfFU,2
gXDRWhJbfFU$_$8,gXDRWhJbfFU,2
gXuiIWRxrw4$_$19,gXuiIWRxrw4,2
gXuiIWRxrw4$_$18,gXuiIWRxrw4,2
gXuiIWRxrw4$_$0,gXuiIWRxrw4,2
gXuiIWRxrw4$_$6,gXuiIWRxrw4,2
gZDyk95Xob4$_$11,gZDyk95Xob4,2
gZDyk95Xob4$_$12,gZDyk95Xob4,2
gZDyk95Xob4$_$9,gZDyk95Xob4,2
gZF-YNQHqwI$_$13,gZF-YNQHqwI,3
gZF-YNQHqwI$_$1,gZF-YNQHqwI,3
gZF-YNQHqwI$_$9,gZF-YNQHqwI,3
gcpsSao7kHM$_$10,gcpsSao7kHM,2
gcpsSao7kHM$_$1,gcpsSao7kHM,2
ge071m9bGeY$_$1,ge071m9bGeY,3
ge071m9bGeY$_$0,ge071m9bGeY,3
ge071m9bGeY$_$5,ge071m9bGeY,3
ge071m9bGeY$_$4,ge071m9bGeY,3
gjEYmdWrBLM$_$24,gjEYmdWrBLM,4
gjEYmdWrBLM$_$26,gjEYmdWrBLM,4
gjEYmdWrBLM$_$0,gjEYmdWrBLM,4
gjEYmdWrBLM$_$3,gjEYmdWrBLM,4
gjEYmdWrBLM$_$9,gjEYmdWrBLM,4
gjEYmdWrBLM$_$18,gjEYmdWrBLM,4
gjGL6YY6oMs$_$2,gjGL6YY6oMs,4
gjSyl6evrWk$_$12,gjSyl6evrWk,0
gr9YU-UTJzQ$_$15,gr9YU-UTJzQ,0
grePRQ8zonA$_$2,grePRQ8zonA,0
guRD0zQC6Q0$_$7,guRD0zQC6Q0,0
gv43BPYYxKQ$_$2,gv43BPYYxKQ,1
gvrfI9e5xHQ$_$9,gvrfI9e5xHQ,2
gzZ8NTeTzRs$_$1,gzZ8NTeTzRs,2
h4LrwMn94ss$_$9,h4LrwMn94ss,1
h7p5URoookk$_$27,h7p5URoookk,0
h7p5URoookk$_$2,h7p5URoookk,0
hASTLbFHrEs$_$0,hASTLbFHrEs,2
hASTLbFHrEs$_$7,hASTLbFHrEs,2
hCFV5VLgS0A$_$8,hCFV5VLgS0A,1
hF6kFQPdBjY$_$13,hF6kFQPdBjY,0
hF6kFQPdBjY$_$2,hF6kFQPdBjY,0
hF6kFQPdBjY$_$9,hF6kFQPdBjY,0
hGRRlXfH0BY$_$11,hGRRlXfH0BY,3
hGRRlXfH0BY$_$1,hGRRlXfH0BY,3
hGRRlXfH0BY$_$8,hGRRlXfH0BY,3
hIQhkTjNaQc$_$11,hIQhkTjNaQc,4
hOp6I4jGvu4$_$1,hOp6I4jGvu4,1
hOp6I4jGvu4$_$4,hOp6I4jGvu4,1
hSgKOKK3L8M$_$0,hSgKOKK3L8M,3
hSgKOKK3L8M$_$5,hSgKOKK3L8M,3
hawztAtYHCE$_$9,hawztAtYHCE,1
he475nnmMi0$_$14,he475nnmMi0,1
he475nnmMi0$_$9,he475nnmMi0,1
hfVXx8hfKak$_$16,hfVXx8hfKak,2
hfVXx8hfKak$_$0,hfVXx8hfKak,2
hfvmQuhqMmY$_$8,hfvmQuhqMmY,0
hh04W3xXa5s$_$0,hh04W3xXa5s,4
hh04W3xXa5s$_$2,hh04W3xXa5s,4
hj1ph17-0jE$_$2,hj1ph17-0jE,3
hjBQmIWiWgw$_$2,hjBQmIWiWgw,4
hlBOP5NskhM$_$10,hlBOP5NskhM,1
hlBOP5NskhM$_$12,hlBOP5NskhM,1
hlBOP5NskhM$_$2,hlBOP5NskhM,1
hlBOP5NskhM$_$8,hlBOP5NskhM,1
hlYDicOj2m0$_$2,hlYDicOj2m0,1
hlYDicOj2m0$_$6,hlYDicOj2m0,1
hmjfBZGGZR8$_$1,hmjfBZGGZR8,3
hntnelpiyl8$_$13,hntnelpiyl8,3
hp3nsb_eIc0$_$18,hp3nsb_eIc0,2
hp3nsb_eIc0$_$1,hp3nsb_eIc0,2
hyazktfsZew$_$26,hyazktfsZew,4
hyazktfsZew$_$22,hyazktfsZew,4
hyazktfsZew$_$28,hyazktfsZew,4
hyazktfsZew$_$9,hyazktfsZew,4
hyazktfsZew$_$11,hyazktfsZew,4
hyazktfsZew$_$30,hyazktfsZew,4
i5bmKlHv-SA$_$3,i5bmKlHv-SA,3
iEOBNT0HFtU$_$12,iEOBNT0HFtU,0
iEOBNT0HFtU$_$17,iEOBNT0HFtU,0
iEOBNT0HFtU$_$0,iEOBNT0HFtU,0
iEOBNT0HFtU$_$2,iEOBNT0HFtU,0
iH04VOkbof0$_$1,iH04VOkbof0,3
iH04VOkbof0$_$4,iH04VOkbof0,3
iM3wSwoAtwk$_$3,iM3wSwoAtwk,2
iMss8xBhFiI$_$12,iMss8xBhFiI,1
iO34hER47xA$_$3,iO34hER47xA,0
iR1Os7FVGHs$_$6,iR1Os7FVGHs,1
iREkcXde5ds$_$0,iREkcXde5ds,0
iS91daVpH2E$_$10,iS91daVpH2E,1
iS91daVpH2E$_$7,iS91daVpH2E,1
iYtD_ArCdKw$_$3,iYtD_ArCdKw,4
iYtD_ArCdKw$_$9,iYtD_ArCdKw,4
icIS9VfbzMw$_$25,icIS9VfbzMw,0
icIS9VfbzMw$_$17,icIS9VfbzMw,0
icIS9VfbzMw$_$1,icIS9VfbzMw,0
icIS9VfbzMw$_$3,icIS9VfbzMw,0
icehEYAiimM$_$0,icehEYAiimM,3
iex7I7iVnLk$_$3,iex7I7iVnLk,1
ihuGFUrzD30$_$8,ihuGFUrzD30,3
ipLoS44xfO4$_$1,ipLoS44xfO4,3
ipLoS44xfO4$_$0,ipLoS44xfO4,3
ipLoS44xfO4$_$3,ipLoS44xfO4,3
ixQbCXLUUj8$_$1,ixQbCXLUUj8,0
ixZAEncExWI$_$1,ixZAEncExWI,4
izFBeXMTgds$_$1,izFBeXMTgds,2
j6R1NTrosuM$_$0,j6R1NTrosuM,0
j7fRIGphgtk$_$1,j7fRIGphgtk,4
j7fRIGphgtk$_$0,j7fRIGphgtk,4
jEQoBvc7V1o$_$12,jEQoBvc7V1o,3
jFNgOznarMo$_$9,jFNgOznarMo,0
jFNgOznarMo$_$10,jFNgOznarMo,0
jFpRdhl3fgw$_$2,jFpRdhl3fgw,1
jNdvceZ4etc$_$2,jNdvceZ4etc,3
jNdvceZ4etc$_$7,jNdvceZ4etc,3
jPf0LjZAS14$_$0,jPf0LjZAS14,1
jQ3EmbRIe58$_$14,jQ3EmbRIe58,4
jT3FSTBA8Us$_$2,jT3FSTBA8Us,3
jV6qzF2YROc$_$0,jV6qzF2YROc,4
jVayR0VClxQ$_$12,jVayR0VClxQ,2
jVayR0VClxQ$_$0,jVayR0VClxQ,2
jVayR0VClxQ$_$9,jVayR0VClxQ,2
jYT3-RQFy1U$_$10,jYT3-RQFy1U,4
jYT3-RQFy1U$_$1,jYT3-RQFy1U,4
jakiZQd4boM$_$3,jakiZQd4boM,2
jbKDW9URnvM$_$0,jbKDW9URnvM,1
jcQi90n008o$_$20,jcQi90n008o,2
jcQi90n008o$_$23,jcQi90n008o,2
jcQi90n008o$_$2,jcQi90n008o,2
jcQi90n008o$_$5,jcQi90n008o,2
jcQi90n008o$_$18,jcQi90n008o,2
jgNu58Da9cs$_$2,jgNu58Da9cs,1
jgNu58Da9cs$_$6,jgNu58Da9cs,1
jjb1cWmkhI8$_$2,jjb1cWmkhI8,2
jjbOD6u7V34$_$3,jjbOD6u7V34,4
jlCFLG6rKKY$_$2,jlCFLG6rKKY,2
jnG9zog4NCs$_$2,jnG9zog4NCs,3
jnG9zog4NCs$_$4,jnG9zog4NCs,3
jqKzaEniiKo$_$13,jqKzaEniiKo,3
jqKzaEniiKo$_$8,jqKzaEniiKo,3
juI9KoLA87A$_$5,juI9KoLA87A,2
jzNIU-w0MVo$_$15,jzNIU-w0MVo,2
jzNIU-w0MVo$_$16,jzNIU-w0MVo,2
jzNIU-w0MVo$_$7,jzNIU-w0MVo,2
k1ca_xbhohk$_$13,k1ca_xbhohk,3
k4T6GaDrcjs$_$2,k4T6GaDrcjs,2
k4T6GaDrcjs$_$4,k4T6GaDrcjs,2
k4T6GaDrcjs$_$7,k4T6GaDrcjs,2
k4T6GaDrcjs$_$9,k4T6GaDrcjs,2
k5-3KuvCFms$_$0,k5-3KuvCFms,2
k8NgVOCDYKM$_$10,k8NgVOCDYKM,4
k8NgVOCDYKM$_$19,k8NgVOCDYKM,4
k8NgVOCDYKM$_$2,k8NgVOCDYKM,4
kCQqLNiO0mk$_$11,kCQqLNiO0mk,1
kCQqLNiO0mk$_$12,kCQqLNiO0mk,1
kCQqLNiO0mk$_$15,kCQqLNiO0mk,1
kCQqLNiO0mk$_$17,kCQqLNiO0mk,1
kCQqLNiO0mk$_$6,kCQqLNiO0mk,1
kCQqLNiO0mk$_$8,kCQqLNiO0mk,1
kKMfsWrigTE$_$1,kKMfsWrigTE,4
kKkZihSbxF4$_$2,kKkZihSbxF4,1
kPn-t6NSxfQ$_$11,kPn-t6NSxfQ,3
kPn-t6NSxfQ$_$14,kPn-t6NSxfQ,3
kPn-t6NSxfQ$_$0,kPn-t6NSxfQ,3
kPn-t6NSxfQ$_$4,kPn-t6NSxfQ,3
kRs39SO-neY$_$17,kRs39SO-neY,3
kU6YY2z7z0I$_$10,kU6YY2z7z0I,3
kU6YY2z7z0I$_$5,kU6YY2z7z0I,3
kU6YY2z7z0I$_$4,kU6YY2z7z0I,3
kU6YY2z7z0I$_$9,kU6YY2z7z0I,3
kU6YY2z7z0I$_$8,kU6YY2z7z0I,3
kY64gXOapYk$_$0,kY64gXOapYk,4
kZfcQ4a0kx4$_$21,kZfcQ4a0kx4,3
kZfcQ4a0kx4$_$0,kZfcQ4a0kx4,3
kZfcQ4a0kx4$_$3,kZfcQ4a0kx4,3
kZfcQ4a0kx4$_$8,kZfcQ4a0kx4,3
kZfcQ4a0kx4$_$15,kZfcQ4a0kx4,3
kcIGTPHEsNo$_$20,kcIGTPHEsNo,1
kcIGTPHEsNo$_$17,kcIGTPHEsNo,1
kcIGTPHEsNo$_$10,kcIGTPHEsNo,1
kddCewAsxfA$_$5,kddCewAsxfA,1
kf3fZcx8nIo$_$2,kf3fZcx8nIo,3
kh6eynD9OIk$_$10,kh6eynD9OIk,1
kh6eynD9OIk$_$5,kh6eynD9OIk,1
kh6eynD9OIk$_$6,kh6eynD9OIk,1
kiR5zVo2zvU$_$24,kiR5zVo2zvU,0
kiR5zVo2zvU$_$14,kiR5zVo2zvU,0
kiR5zVo2zvU$_$17,kiR5zVo2zvU,0
kj63uF0RhW8$_$7,kj63uF0RhW8,4
kjQAkrdbREk$_$1,kjQAkrdbREk,4
kjQAkrdbREk$_$2,kjQAkrdbREk,4
kqXpf26EL-s$_$11,kqXpf26EL-s,0
kqXpf26EL-s$_$3,kqXpf26EL-s,0
kqXpf26EL-s$_$5,kqXpf26EL-s,0
krHZuqfXrPU$_$22,krHZuqfXrPU,2
krHZuqfXrPU$_$28,krHZuqfXrPU,2
krHZuqfXrPU$_$11,krHZuqfXrPU,2
krHZuqfXrPU$_$13,krHZuqfXrPU,2
ku-dtUqCm2o$_$1,ku-dtUqCm2o,2
kuQWPuhnlHs$_$5,kuQWPuhnlHs,0
kuQWPuhnlHs$_$6,kuQWPuhnlHs,0
kwkhYpCHWPw$_$6,kwkhYpCHWPw,4
kx544gnOZB0$_$0,kx544gnOZB0,3
kxcCxbsKx3w$_$2,kxcCxbsKx3w,2
kxcCxbsKx3w$_$8,kxcCxbsKx3w,2
ky7Q5onqxGw$_$7,ky7Q5onqxGw,0
kyPepNmxaj8$_$2,kyPepNmxaj8,0
kz7ahNfXFsk$_$9,kz7ahNfXFsk,2
kzmaKnujN64$_$1,kzmaKnujN64,0
kzmaKnujN64$_$6,kzmaKnujN64,0
l-nM_U1qpko$_$2,l-nM_U1qpko,0
l-nM_U1qpko$_$5,l-nM_U1qpko,0
l5_DDqck4Rs$_$0,l5_DDqck4Rs,4
l8LTcZJ-_8k$_$17,l8LTcZJ-_8k,2
l8LTcZJ-_8k$_$19,l8LTcZJ-_8k,2
lEsFI5YJGDo$_$5,lEsFI5YJGDo,3
lEsFI5YJGDo$_$7,lEsFI5YJGDo,3
lEsFI5YJGDo$_$6,lEsFI5YJGDo,3
lTfsqoo-jKg$_$4,lTfsqoo-jKg,3
lTfsqoo-jKg$_$7,lTfsqoo-jKg,3
lUNNDDsm7R8$_$3,lUNNDDsm7R8,0
lWvaIexY2WU$_$0,lWvaIexY2WU,2
laxadgca3Fo$_$0,laxadgca3Fo,4
lbx3eu8LUl8$_$4,lbx3eu8LUl8,4
ll10nEjTvGE$_$9,ll10nEjTvGE,4
ll10nEjTvGE$_$8,ll10nEjTvGE,4
lp9vkkimXqg$_$12,lp9vkkimXqg,0
lp9vkkimXqg$_$15,lp9vkkimXqg,0
lp9vkkimXqg$_$6,lp9vkkimXqg,0
lpF-yBYou0s$_$5,lpF-yBYou0s,3
lpF-yBYou0s$_$6,lpF-yBYou0s,3
luQfWSfb1s0$_$13,luQfWSfb1s0,3
luQfWSfb1s0$_$16,luQfWSfb1s0,3
luQfWSfb1s0$_$4,luQfWSfb1s0,3
luQfWSfb1s0$_$6,luQfWSfb1s0,3
lzVA--tIse0$_$0,lzVA--tIse0,0
lzyVWNrkgbQ$_$9,lzyVWNrkgbQ,4
m7SJs73SF8w$_$4,m7SJs73SF8w,4
m8tzdtrgFUA$_$12,m8tzdtrgFUA,1
m8tzdtrgFUA$_$0,m8tzdtrgFUA,1
m8tzdtrgFUA$_$2,m8tzdtrgFUA,1
m8tzdtrgFUA$_$5,m8tzdtrgFUA,1
m8tzdtrgFUA$_$7,m8tzdtrgFUA,1
mHIvH6Nnrls$_$1,mHIvH6Nnrls,0
mI50zj8cTNw$_$1,mI50zj8cTNw,4
mKP6TVuixWg$_$11,mKP6TVuixWg,1
mKP6TVuixWg$_$18,mKP6TVuixWg,1
mL2v-sODUZ8$_$11,mL2v-sODUZ8,4
mMeGgB9-hSE$_$10,mMeGgB9-hSE,2
mMeGgB9-hSE$_$13,mMeGgB9-hSE,2
mN1Z5xEOy10$_$4,mN1Z5xEOy10,1
mQTaEIrNxnQ$_$11,mQTaEIrNxnQ,0
mRPIse3OO74$_$1,mRPIse3OO74,3
mRnEJOLkhp8$_$2,mRnEJOLkhp8,0
mSWwz7dXUP8$_$6,mSWwz7dXUP8,1
mW8eL4e7Wrg$_$14,mW8eL4e7Wrg,3
mW8eL4e7Wrg$_$3,mW8eL4e7Wrg,3
mW8eL4e7Wrg$_$2,mW8eL4e7Wrg,3
mW8eL4e7Wrg$_$6,mW8eL4e7Wrg,3
mW8eL4e7Wrg$_$15,mW8eL4e7Wrg,3
maO6KmmgcB8$_$4,maO6KmmgcB8,3
mgovo8VYtvk$_$24,mgovo8VYtvk,3
mgovo8VYtvk$_$20,mgovo8VYtvk,3
mgovo8VYtvk$_$22,mgovo8VYtvk,3
mgovo8VYtvk$_$23,mgovo8VYtvk,3
mgovo8VYtvk$_$29,mgovo8VYtvk,3
mgovo8VYtvk$_$3,mgovo8VYtvk,3
mgovo8VYtvk$_$8,mgovo8VYtvk,3
mgovo8VYtvk$_$13,mgovo8VYtvk,3
mgovo8VYtvk$_$12,mgovo8VYtvk,3
mgovo8VYtvk$_$30,mgovo8VYtvk,3
mgovo8VYtvk$_$37,mgovo8VYtvk,3
mgovo8VYtvk$_$34,mgovo8VYtvk,3
mgpoY1-110U$_$1,mgpoY1-110U,4
mgpoY1-110U$_$14,mgpoY1-110U,4
mkkoJ2iVbGs$_$0,mkkoJ2iVbGs,3
mkkoJ2iVbGs$_$5,mkkoJ2iVbGs,3
mkkoJ2iVbGs$_$4,mkkoJ2iVbGs,3
mn8_HvzbN5c$_$5,mn8_HvzbN5c,1
mpfSRGHFY0g$_$3,mpfSRGHFY0g,2
mrQIrm6hYMQ$_$1,mrQIrm6hYMQ,3
mrQIrm6hYMQ$_$2,mrQIrm6hYMQ,3
muOYAxkG-Zo$_$15,muOYAxkG-Zo,3
muOYAxkG-Zo$_$6,muOYAxkG-Zo,3
mud6tEqFiEM$_$2,mud6tEqFiEM,4
mud6tEqFiEM$_$5,mud6tEqFiEM,4
mw_ZwML0SbY$_$0,mw_ZwML0SbY,3
mw_ZwML0SbY$_$2,mw_ZwML0SbY,3
mxFU6TrHChY$_$11,mxFU6TrHChY,1
mxFU6TrHChY$_$0,mxFU6TrHChY,1
mxFU6TrHChY$_$8,mxFU6TrHChY,1
mxa4KXSz9rw$_$0,mxa4KXSz9rw,3
mxa4KXSz9rw$_$6,mxa4KXSz9rw,3
mzTHW2dtbs4$_$8,mzTHW2dtbs4,1
mziQcFSsdRI$_$4,mziQcFSsdRI,2
n-sgVVTE9Io$_$0,n-sgVVTE9Io,2
n4xRx0J3rYQ$_$10,n4xRx0J3rYQ,2
n4xRx0J3rYQ$_$0,n4xRx0J3rYQ,2
n4xRx0J3rYQ$_$4,n4xRx0J3rYQ,2
n5MU2-GFjo8$_$1,n5MU2-GFjo8,1
n7K5SpMrQt0$_$17,n7K5SpMrQt0,2
nD1R4UedEDo$_$10,nD1R4UedEDo,3
nD1R4UedEDo$_$1,nD1R4UedEDo,3
nD1R4UedEDo$_$2,nD1R4UedEDo,3
nD1R4UedEDo$_$4,nD1R4UedEDo,3
nDXKvarLEOM$_$3,nDXKvarLEOM,4
nErOMpqvcRg$_$7,nErOMpqvcRg,4
nHP7l5zAwGA$_$0,nHP7l5zAwGA,0
nHP7l5zAwGA$_$8,nHP7l5zAwGA,0
nISNBD3I95A$_$0,nISNBD3I95A,3
nKiC9sEP2vM$_$5,nKiC9sEP2vM,2
nM5S3xxNOlQ$_$10,nM5S3xxNOlQ,2
nM5S3xxNOlQ$_$0,nM5S3xxNOlQ,2
nM5S3xxNOlQ$_$3,nM5S3xxNOlQ,2
nM5S3xxNOlQ$_$7,nM5S3xxNOlQ,2
nM5S3xxNOlQ$_$9,nM5S3xxNOlQ,2
nTBKtwqPIYw$_$7,nTBKtwqPIYw,0
ngp7s5Wvde0$_$11,ngp7s5Wvde0,0
ngp7s5Wvde0$_$3,ngp7s5Wvde0,0
ngp7s5Wvde0$_$8,ngp7s5Wvde0,0
npIVLL_fTf0$_$13,npIVLL_fTf0,4
npIVLL_fTf0$_$12,npIVLL_fTf0,4
npIVLL_fTf0$_$17,npIVLL_fTf0,4
nsLACXjD4KU$_$3,nsLACXjD4KU,4
nsLACXjD4KU$_$2,nsLACXjD4KU,4
nw6Kf3AtCz4$_$21,nw6Kf3AtCz4,1
nw6Kf3AtCz4$_$23,nw6Kf3AtCz4,1
nw6Kf3AtCz4$_$28,nw6Kf3AtCz4,1
nw6Kf3AtCz4$_$4,nw6Kf3AtCz4,1
nw6Kf3AtCz4$_$8,nw6Kf3AtCz4,1
nw6Kf3AtCz4$_$15,nw6Kf3AtCz4,1
nw6Kf3AtCz4$_$18,nw6Kf3AtCz4,1
nw6Kf3AtCz4$_$33,nw6Kf3AtCz4,1
nz2vkMyqfeE$_$15,nz2vkMyqfeE,2
nz2vkMyqfeE$_$4,nz2vkMyqfeE,2
o2miCpS7Hwo$_$6,o2miCpS7Hwo,0
o4b7hjQwpv0$_$5,o4b7hjQwpv0,3
o4b7hjQwpv0$_$6,o4b7hjQwpv0,3
o4b7hjQwpv0$_$8,o4b7hjQwpv0,3
o63doZKEIds$_$1,o63doZKEIds,1
o63doZKEIds$_$3,o63doZKEIds,1
o63doZKEIds$_$9,o63doZKEIds,1
oANUXY3xXKM$_$2,oANUXY3xXKM,0
oCsrnIomHos$_$11,oCsrnIomHos,0
oDznO5w3v0U$_$3,oDznO5w3v0U,4
oDznO5w3v0U$_$6,oDznO5w3v0U,4
oGnKsroR0R0$_$13,oGnKsroR0R0,2
oGnKsroR0R0$_$14,oGnKsroR0R0,2
oHV99Y_EWfI$_$12,oHV99Y_EWfI,4
oHV99Y_EWfI$_$19,oHV99Y_EWfI,4
oK951Y2N_k0$_$1,oK951Y2N_k0,4
oNCvb0F-c88$_$6,oNCvb0F-c88,0
oOhxCwkZsUI$_$0,oOhxCwkZsUI,0
oPvUDLhTrjI$_$11,oPvUDLhTrjI,0
oPvUDLhTrjI$_$13,oPvUDLhTrjI,0
oVqBUyKvgdU$_$7,oVqBUyKvgdU,1
oW1OEsP7Dds$_$8,oW1OEsP7Dds,3
oW1OEsP7Dds$_$12,oW1OEsP7Dds,3
oWAyEzyp2xQ$_$15,oWAyEzyp2xQ,2
obnOnuzb-Xw$_$1,obnOnuzb-Xw,4
ogGweZUAVtU$_$51,ogGweZUAVtU,0
ogGweZUAVtU$_$20,ogGweZUAVtU,0
ogGweZUAVtU$_$49,ogGweZUAVtU,0
ogGweZUAVtU$_$46,ogGweZUAVtU,0
ogGweZUAVtU$_$40,ogGweZUAVtU,0
ogGweZUAVtU$_$7,ogGweZUAVtU,0
ogGweZUAVtU$_$9,ogGweZUAVtU,0
ogGweZUAVtU$_$38,ogGweZUAVtU,0
ogGweZUAVtU$_$10,ogGweZUAVtU,0
ogGweZUAVtU$_$17,ogGweZUAVtU,0
ogGweZUAVtU$_$37,ogGweZUAVtU,0
ogGweZUAVtU$_$36,ogGweZUAVtU,0
ogGweZUAVtU$_$32,ogGweZUAVtU,0
oj7A8mpuBeQ$_$11,oj7A8mpuBeQ,3
oj7A8mpuBeQ$_$5,oj7A8mpuBeQ,3
olcPEN9x5VY$_$2,olcPEN9x5VY,1
olcPEN9x5VY$_$7,olcPEN9x5VY,1
olcPEN9x5VY$_$9,olcPEN9x5VY,1
olcPEN9x5VY$_$8,olcPEN9x5VY,1
omBcvw7izuM$_$10,omBcvw7izuM,1
omBcvw7izuM$_$17,omBcvw7izuM,1
omBcvw7izuM$_$2,omBcvw7izuM,1
omBcvw7izuM$_$6,omBcvw7izuM,1
omHQ68k50XY$_$8,omHQ68k50XY,1
ouhCx4TgHlE$_$1,ouhCx4TgHlE,2
ouhCx4TgHlE$_$0,ouhCx4TgHlE,2
ouhCx4TgHlE$_$2,ouhCx4TgHlE,2
owT0_Xfu8a0$_$0,owT0_Xfu8a0,0
oyHKiX5YGDE$_$10,oyHKiX5YGDE,2
oyHKiX5YGDE$_$15,oyHKiX5YGDE,2
p18PVgfxook$_$3,p18PVgfxook,2
p19Hsjx2xgI$_$8,p19Hsjx2xgI,0
p5LEk2u8tXk$_$13,p5LEk2u8tXk,1
p5LEk2u8tXk$_$4,p5LEk2u8tXk,1
pAclBdj20ZU$_$10,pAclBdj20ZU,1
pAclBdj20ZU$_$0,pAclBdj20ZU,1
pAclBdj20ZU$_$6,pAclBdj20ZU,1
pAclBdj20ZU$_$8,pAclBdj20ZU,1
pFh-SLxltms$_$14,pFh-SLxltms,3
pFh-SLxltms$_$23,pFh-SLxltms,3
pFh-SLxltms$_$16,pFh-SLxltms,3
pFh-SLxltms$_$1,pFh-SLxltms,3
pFh-SLxltms$_$9,pFh-SLxltms,3
pIMByitigYI$_$10,pIMByitigYI,1
pU-MjERGTUk$_$6,pU-MjERGTUk,4
pVzHaakhKAw$_$0,pVzHaakhKAw,0
pVzHaakhKAw$_$5,pVzHaakhKAw,0
pbFwuNCQlH8$_$3,pbFwuNCQlH8,4
pbFwuNCQlH8$_$7,pbFwuNCQlH8,4
pf-78LF4ORE$_$22,pf-78LF4ORE,4
pfCPogxnUfw$_$26,pfCPogxnUfw,0
pfCPogxnUfw$_$8,pfCPogxnUfw,0
pjWLxORDDP4$_$2,pjWLxORDDP4,0
pqAGD3ijMPw$_$9,pqAGD3ijMPw,4
pu1C7tmYHxI$_$2,pu1C7tmYHxI,1
puum3vabpb4$_$15,puum3vabpb4,0
pvlmYjQdRmA$_$0,pvlmYjQdRmA,2
pwj9YeMJC08$_$15,pwj9YeMJC08,1
q-0gu48ClF4$_$2,q-0gu48ClF4,4
q1_knonj0Lw$_$17,q1_knonj0Lw,2
q1_knonj0Lw$_$16,q1_knonj0Lw,2
q1_knonj0Lw$_$4,q1_knonj0Lw,2
q1_knonj0Lw$_$7,q1_knonj0Lw,2
q3QUybiOYeU$_$0,q3QUybiOYeU,0
q4hP2j7oewo$_$1,q4hP2j7oewo,4
q7BxnIM2_z0$_$5,q7BxnIM2_z0,0
qEkFReBuwxc$_$20,qEkFReBuwxc,4
qFppeQvdfxI$_$5,qFppeQvdfxI,2
qFppeQvdfxI$_$7,qFppeQvdfxI,2
qFppeQvdfxI$_$8,qFppeQvdfxI,2
qJBQH14qtHc$_$26,qJBQH14qtHc,4
qJZlp9uxoTU$_$10,qJZlp9uxoTU,3
qJZlp9uxoTU$_$17,qJZlp9uxoTU,3
qJZlp9uxoTU$_$18,qJZlp9uxoTU,3
qJh6x4wmmh8$_$0,qJh6x4wmmh8,3
qP4uuMI-JSk$_$3,qP4uuMI-JSk,1
qP4uuMI-JSk$_$4,qP4uuMI-JSk,1
qYJtbgLqizk$_$1,qYJtbgLqizk,0
qd6YuFGcBGk$_$12,qd6YuFGcBGk,4
qd6YuFGcBGk$_$0,qd6YuFGcBGk,4
qjMyjLSORY4$_$20,qjMyjLSORY4,3
qjMyjLSORY4$_$29,qjMyjLSORY4,3
qjMyjLSORY4$_$1,qjMyjLSORY4,3
qjMyjLSORY4$_$33,qjMyjLSORY4,3
qjMyjLSORY4$_$2,qjMyjLSORY4,3
qjMyjLSORY4$_$5,qjMyjLSORY4,3
qkWdc-E6jGI$_$21,qkWdc-E6jGI,0
qkWdc-E6jGI$_$6,qkWdc-E6jGI,0
qlDT-bmIzQI$_$4,qlDT-bmIzQI,0
qlDiE1d45Bc$_$5,qlDiE1d45Bc,0
qpht9L3s9G4$_$3,qpht9L3s9G4,1
qrI7XCKRFNk$_$3,qrI7XCKRFNk,4
qrI7XCKRFNk$_$5,qrI7XCKRFNk,4
qrI7XCKRFNk$_$4,qrI7XCKRFNk,4
qszy_WSRFUM$_$10,qszy_WSRFUM,1
qvIhzmujTi8$_$14,qvIhzmujTi8,0
qyJiDgtj6YE$_$4,qyJiDgtj6YE,4
r1erb5PSm1A$_$2,r1erb5PSm1A,2
r4ul1wl_1T8$_$9,r4ul1wl_1T8,2
r8OPmbZZlpE$_$3,r8OPmbZZlpE,3
r917wP1qsL4$_$6,r917wP1qsL4,2
rApOTQgFW6Y$_$6,rApOTQgFW6Y,2
rB6WmWvvyxg$_$1,rB6WmWvvyxg,0
rB6WmWvvyxg$_$3,rB6WmWvvyxg,0
rB6WmWvvyxg$_$2,rB6WmWvvyxg,0
rB6WmWvvyxg$_$8,rB6WmWvvyxg,0
rBWeo_rEdcU$_$6,rBWeo_rEdcU,2
rBWeo_rEdcU$_$8,rBWeo_rEdcU,2
rC7qKZMKa0U$_$0,rC7qKZMKa0U,4
rCQYq4T8SEI$_$7,rCQYq4T8SEI,0
rCQYq4T8SEI$_$0,rCQYq4T8SEI,0
rEWQW_ibDwg$_$7,rEWQW_ibDwg,2
rFHIApgUtoI$_$1,rFHIApgUtoI,2
rFHIApgUtoI$_$5,rFHIApgUtoI,2
rLHJ_ebXCHQ$_$3,rLHJ_ebXCHQ,2
raQ9Pcgo-II$_$3,raQ9Pcgo-II,1
rexJoy4RMdY$_$4,rexJoy4RMdY,4
rsQRiALH5FU$_$11,rsQRiALH5FU,4
rsQRiALH5FU$_$10,rsQRiALH5FU,4
rsQRiALH5FU$_$4,rsQRiALH5FU,4
rvQ2cRnroOU$_$20,rvQ2cRnroOU,3
rvQ2cRnroOU$_$2,rvQ2cRnroOU,3
rvQ2cRnroOU$_$9,rvQ2cRnroOU,3
rwe-hBNpzH8$_$1,rwe-hBNpzH8,2
rz4Ax6xfZHQ$_$8,rz4Ax6xfZHQ,2
s1Yo_MCiMPc$_$12,s1Yo_MCiMPc,1
s1Yo_MCiMPc$_$5,s1Yo_MCiMPc,1
s53UAEi7JEY$_$9,s53UAEi7JEY,4
sC1NvtirijU$_$22,sC1NvtirijU,1
sC1NvtirijU$_$3,sC1NvtirijU,1
sC1NvtirijU$_$16,sC1NvtirijU,1
sC1NvtirijU$_$19,sC1NvtirijU,1
sFLTjqVS7AE$_$0,sFLTjqVS7AE,4
sFLTjqVS7AE$_$5,sFLTjqVS7AE,4
sFxUNO2HOKY$_$5,sFxUNO2HOKY,2
sIGAq2J4KKI$_$1,sIGAq2J4KKI,4
sKwPCpFtUUI$_$6,sKwPCpFtUUI,2
sLaTZtL0ZIk$_$5,sLaTZtL0ZIk,4
sMnbpyFqrlE$_$15,sMnbpyFqrlE,1
sMnbpyFqrlE$_$0,sMnbpyFqrlE,1
sPxoGNvnVzg$_$5,sPxoGNvnVzg,3
sPxoGNvnVzg$_$7,sPxoGNvnVzg,3
sWsDAG6x9n0$_$3,sWsDAG6x9n0,3
skp_SpnIOCM$_$2,skp_SpnIOCM,2
soqnBdPOwoo$_$4,soqnBdPOwoo,0
srbrWyZRMCI$_$11,srbrWyZRMCI,1
srbrWyZRMCI$_$1,srbrWyZRMCI,1
srbrWyZRMCI$_$0,srbrWyZRMCI,1
srbrWyZRMCI$_$5,srbrWyZRMCI,1
srbrWyZRMCI$_$8,srbrWyZRMCI,1
sw-smuVRByI$_$7,sw-smuVRByI,4
sw-smuVRByI$_$6,sw-smuVRByI,4
t0Wi5Nb6kbI$_$10,t0Wi5Nb6kbI,2
t4-ZulW5np4$_$1,t4-ZulW5np4,3
t4-ZulW5np4$_$5,t4-ZulW5np4,3
t7a3zECpT4k$_$17,t7a3zECpT4k,1
tL8RzwWSmAE$_$0,tL8RzwWSmAE,0
tL8RzwWSmAE$_$2,tL8RzwWSmAE,0
tQk-eoA7JyE$_$5,tQk-eoA7JyE,1
tXxf6-CilNI$_$20,tXxf6-CilNI,0
tXxf6-CilNI$_$21,tXxf6-CilNI,0
tXxf6-CilNI$_$9,tXxf6-CilNI,0
ta26Z2YEVMQ$_$0,ta26Z2YEVMQ,4
ta26Z2YEVMQ$_$2,ta26Z2YEVMQ,4
taCchyi5h68$_$3,taCchyi5h68,1
taGs3-SMoYM$_$3,taGs3-SMoYM,0
taGs3-SMoYM$_$4,taGs3-SMoYM,0
tdIZZ9v0IGA$_$6,tdIZZ9v0IGA,2
tdIZZ9v0IGA$_$8,tdIZZ9v0IGA,2
tgrxA3CiBv0$_$7,tgrxA3CiBv0,0
tgrxA3CiBv0$_$8,tgrxA3CiBv0,0
tv8IhQZQuJI$_$12,tv8IhQZQuJI,1
tv8IhQZQuJI$_$5,tv8IhQZQuJI,1
tvE_DucE0_k$_$7,tvE_DucE0_k,3
tw2xFbfgV4U$_$18,tw2xFbfgV4U,4
tw2xFbfgV4U$_$3,tw2xFbfgV4U,4
tw2xFbfgV4U$_$2,tw2xFbfgV4U,4
tw2xFbfgV4U$_$6,tw2xFbfgV4U,4
txjqbr6FoZs$_$7,txjqbr6FoZs,1
u94VPxEIJPg$_$3,u94VPxEIJPg,0
uAExKaLeOl8$_$13,uAExKaLeOl8,1
uAExKaLeOl8$_$9,uAExKaLeOl8,1
uAExKaLeOl8$_$8,uAExKaLeOl8,1
uBgRo9tnv-I$_$0,uBgRo9tnv-I,0
uBgRo9tnv-I$_$6,uBgRo9tnv-I,0
uTWeng4h5eM$_$8,uTWeng4h5eM,1
uU_3tbZ1zG8$_$14,uU_3tbZ1zG8,4
uU_3tbZ1zG8$_$23,uU_3tbZ1zG8,4
uU_3tbZ1zG8$_$1,uU_3tbZ1zG8,4
uU_3tbZ1zG8$_$21,uU_3tbZ1zG8,4
uXYAfpQUYVE$_$22,uXYAfpQUYVE,4
uXYAfpQUYVE$_$5,uXYAfpQUYVE,4
uXYAfpQUYVE$_$4,uXYAfpQUYVE,4
uYzZB4ccG1Q$_$24,uYzZB4ccG1Q,2
uYzZB4ccG1Q$_$27,uYzZB4ccG1Q,2
uYzZB4ccG1Q$_$5,uYzZB4ccG1Q,2
uYzZB4ccG1Q$_$10,uYzZB4ccG1Q,2
uYzZB4ccG1Q$_$15,uYzZB4ccG1Q,2
uYzZB4ccG1Q$_$19,uYzZB4ccG1Q,2
uYzZB4ccG1Q$_$30,uYzZB4ccG1Q,2
ueCWy7aTmyo$_$14,ueCWy7aTmyo,0
ueCWy7aTmyo$_$3,ueCWy7aTmyo,0
ueCWy7aTmyo$_$5,ueCWy7aTmyo,0
uxHBEfIhY-E$_$2,uxHBEfIhY-E,2
uy9MGhVqCp8$_$5,uy9MGhVqCp8,1
uyOrVTq8Tjk$_$3,uyOrVTq8Tjk,0
v1GKBjohgHc$_$2,v1GKBjohgHc,1
v2DFe9X-jCY$_$22,v2DFe9X-jCY,3
v3l56fl6aJM$_$4,v3l56fl6aJM,1
v5AAvrZuR2U$_$6,v5AAvrZuR2U,1
vCWpKubBbcw$_$1,vCWpKubBbcw,4
vM3YB7LmMq4$_$28,vM3YB7LmMq4,0
vM3YB7LmMq4$_$41,vM3YB7LmMq4,0
vM3YB7LmMq4$_$8,vM3YB7LmMq4,0
vM3YB7LmMq4$_$38,vM3YB7LmMq4,0
vM3YB7LmMq4$_$13,vM3YB7LmMq4,0
vM3YB7LmMq4$_$33,vM3YB7LmMq4,0
vM3YB7LmMq4$_$37,vM3YB7LmMq4,0
vM3YB7LmMq4$_$50,vM3YB7LmMq4,0
vM7m581tHn0$_$3,vM7m581tHn0,2
vM7m581tHn0$_$4,vM7m581tHn0,2
vM9AH4EqCaA$_$2,vM9AH4EqCaA,1
vM9AH4EqCaA$_$6,vM9AH4EqCaA,1
vRhj2bLo1ho$_$5,vRhj2bLo1ho,1
vRhj2bLo1ho$_$8,vRhj2bLo1ho,1
vYOr36tdcpc$_$1,vYOr36tdcpc,2
vYOr36tdcpc$_$0,vYOr36tdcpc,2
vbVLgaP5IYU$_$0,vbVLgaP5IYU,2
vlnKSMw5v1o$_$6,vlnKSMw5v1o,1
vop7tN_K64I$_$14,vop7tN_K64I,1
vop7tN_K64I$_$17,vop7tN_K64I,1
vop7tN_K64I$_$1,vop7tN_K64I,1
vttEPA6Xffk$_$2,vttEPA6Xffk,2
vwUBtNvjrU4$_$26,vwUBtNvjrU4,0
vwUBtNvjrU4$_$16,vwUBtNvjrU4,0
vwUBtNvjrU4$_$23,vwUBtNvjrU4,0
vwUBtNvjrU4$_$25,vwUBtNvjrU4,0
w-PFjo89Dpw$_$14,w-PFjo89Dpw,1
w-PFjo89Dpw$_$2,w-PFjo89Dpw,1
w-PFjo89Dpw$_$7,w-PFjo89Dpw,1
w1MxXu5D7ho$_$0,w1MxXu5D7ho,4
wCtZdAdoIm8$_$0,wCtZdAdoIm8,2
wEs7pJH2mqQ$_$1,wEs7pJH2mqQ,4
wEs7pJH2mqQ$_$3,wEs7pJH2mqQ,4
wEs7pJH2mqQ$_$7,wEs7pJH2mqQ,4
wHQYmMZzyJY$_$24,wHQYmMZzyJY,1
wHQYmMZzyJY$_$10,wHQYmMZzyJY,1
wHQYmMZzyJY$_$20,wHQYmMZzyJY,1
wHQYmMZzyJY$_$18,wHQYmMZzyJY,1
wI7DDCRh4Nw$_$1,wI7DDCRh4Nw,4
wI7DDCRh4Nw$_$2,wI7DDCRh4Nw,4
wLj_gnNON7A$_$10,wLj_gnNON7A,1
wLj_gnNON7A$_$12,wLj_gnNON7A,1
wLj_gnNON7A$_$14,wLj_gnNON7A,1
wLj_gnNON7A$_$5,wLj_gnNON7A,1
wLj_gnNON7A$_$4,wLj_gnNON7A,1
wMggOhhVouA$_$6,wMggOhhVouA,2
wNx1ZnQ0MDQ$_$9,wNx1ZnQ0MDQ,4
wNx1ZnQ0MDQ$_$8,wNx1ZnQ0MDQ,4
wNx1ZnQ0MDQ$_$4,wNx1ZnQ0MDQ,4
wOKWTFYYMuk$_$9,wOKWTFYYMuk,1
wOjnqud5GBA$_$4,wOjnqud5GBA,2
wR3zalLV_6c$_$5,wR3zalLV_6c,2
wR3zalLV_6c$_$14,wR3zalLV_6c,2
wRKVNiABc0w$_$12,wRKVNiABc0w,3
wRKVNiABc0w$_$14,wRKVNiABc0w,3
wRKVNiABc0w$_$1,wRKVNiABc0w,3
w_qYZSVx2dM$_$13,w_qYZSVx2dM,1
w_qYZSVx2dM$_$12,w_qYZSVx2dM,1
w_qYZSVx2dM$_$9,w_qYZSVx2dM,1
wb7CfuiIZFQ$_$5,wb7CfuiIZFQ,2
wd-LTpCtAzw$_$14,wd-LTpCtAzw,1
wd-LTpCtAzw$_$1,wd-LTpCtAzw,1
wd-LTpCtAzw$_$9,wd-LTpCtAzw,1
wdU-0bttAkc$_$3,wdU-0bttAkc,1
werKCgZ5dFE$_$14,werKCgZ5dFE,3
wfLrS6CdFs4$_$0,wfLrS6CdFs4,1
wgCSuviySwg$_$0,wgCSuviySwg,1
wj3ur4fsiN4$_$24,wj3ur4fsiN4,0
wj3ur4fsiN4$_$3,wj3ur4fsiN4,0
wj3ur4fsiN4$_$2,wj3ur4fsiN4,0
wj3ur4fsiN4$_$13,wj3ur4fsiN4,0
wj3ur4fsiN4$_$17,wj3ur4fsiN4,0
wrQVnClcNPM$_$11,wrQVnClcNPM,4
wrQVnClcNPM$_$12,wrQVnClcNPM,4
wrQVnClcNPM$_$16,wrQVnClcNPM,4
wrQVnClcNPM$_$2,wrQVnClcNPM,4
wrQVnClcNPM$_$5,wrQVnClcNPM,4
wxxqXK9x-64$_$2,wxxqXK9x-64,1
wz3nVBPVgIA$_$6,wz3nVBPVgIA,0
x92920ole0w$_$18,x92920ole0w,0
x9E8yaFCX0Y$_$5,x9E8yaFCX0Y,0
x9E8yaFCX0Y$_$4,x9E8yaFCX0Y,0
x9E8yaFCX0Y$_$7,x9E8yaFCX0Y,0
xNYsfeSgDCQ$_$1,xNYsfeSgDCQ,0
xNYsfeSgDCQ$_$4,xNYsfeSgDCQ,0
xP81rX2ATLI$_$2,xP81rX2ATLI,2
xP81rX2ATLI$_$6,xP81rX2ATLI,2
xPhlDO-2Foc$_$2,xPhlDO-2Foc,1
xRJXYUZVdas$_$1,xRJXYUZVdas,3
xTBBDx3DkXQ$_$10,xTBBDx3DkXQ,2
xUz5cCA-oTo$_$14,xUz5cCA-oTo,0
xXIq7YPkdUQ$_$1,xXIq7YPkdUQ,2
xXIq7YPkdUQ$_$2,xXIq7YPkdUQ,2
xXIq7YPkdUQ$_$4,xXIq7YPkdUQ,2
xYtNgq9eTlg$_$6,xYtNgq9eTlg,2
xZ1FrxU6hcg$_$23,xZ1FrxU6hcg,4
xZ1FrxU6hcg$_$6,xZ1FrxU6hcg,4
xaSf1d13WoY$_$13,xaSf1d13WoY,4
xaSf1d13WoY$_$1,xaSf1d13WoY,4
xaSf1d13WoY$_$4,xaSf1d13WoY,4
xbl7bU5PGBs$_$0,xbl7bU5PGBs,4
xfP0bm6Z-7E$_$2,xfP0bm6Z-7E,1
xge9aYTxxOA$_$0,xge9aYTxxOA,3
xiRUWSUrGSg$_$0,xiRUWSUrGSg,3
xiRUWSUrGSg$_$4,xiRUWSUrGSg,3
xk4C4p5vHDk$_$12,xk4C4p5vHDk,1
xk4C4p5vHDk$_$1,xk4C4p5vHDk,1
xn9_4n4NpEw$_$10,xn9_4n4NpEw,0
xn9_4n4NpEw$_$5,xn9_4n4NpEw,0
xn9_4n4NpEw$_$7,xn9_4n4NpEw,0
xnNZyfhusAk$_$2,xnNZyfhusAk,4
xomMHflvVDw$_$1,xomMHflvVDw,4
xomMHflvVDw$_$0,xomMHflvVDw,4
xomMHflvVDw$_$3,xomMHflvVDw,4
xomMHflvVDw$_$6,xomMHflvVDw,4
xu53lk4dhSc$_$13,xu53lk4dhSc,4
xu53lk4dhSc$_$20,xu53lk4dhSc,4
xu53lk4dhSc$_$14,xu53lk4dhSc,4
xu53lk4dhSc$_$17,xu53lk4dhSc,4
xu53lk4dhSc$_$9,xu53lk4dhSc,4
xvnFF0FiyS4$_$6,xvnFF0FiyS4,3
xvnFF0FiyS4$_$8,xvnFF0FiyS4,3
xwNQ7QuXaps$_$5,xwNQ7QuXaps,0
xyOa9ivNrg4$_$0,xyOa9ivNrg4,3
y-nEcwAyQos$_$11,y-nEcwAyQos,0
y-nEcwAyQos$_$4,y-nEcwAyQos,0
yBGuxyO-ElM$_$2,yBGuxyO-ElM,1
yDIFWzOBjXc$_$22,yDIFWzOBjXc,3
yDIFWzOBjXc$_$23,yDIFWzOBjXc,3
yDIFWzOBjXc$_$40,yDIFWzOBjXc,3
yDIFWzOBjXc$_$13,yDIFWzOBjXc,3
yDIFWzOBjXc$_$15,yDIFWzOBjXc,3
yDIFWzOBjXc$_$19,yDIFWzOBjXc,3
yDIFWzOBjXc$_$30,yDIFWzOBjXc,3
yEtfjJOMMCs$_$21,yEtfjJOMMCs,4
yEtfjJOMMCs$_$3,yEtfjJOMMCs,4
yEtfjJOMMCs$_$4,yEtfjJOMMCs,4
yEtfjJOMMCs$_$7,yEtfjJOMMCs,4
yEtfjJOMMCs$_$11,yEtfjJOMMCs,4
yEtfjJOMMCs$_$15,yEtfjJOMMCs,4
yEtfjJOMMCs$_$14,yEtfjJOMMCs,4
yHtR71rx16I$_$3,yHtR71rx16I,3
yKdIZR5xfcc$_$11,yKdIZR5xfcc,2
yKdIZR5xfcc$_$12,yKdIZR5xfcc,2
yKdIZR5xfcc$_$4,yKdIZR5xfcc,2
yKdIZR5xfcc$_$7,yKdIZR5xfcc,2
yKdIZR5xfcc$_$9,yKdIZR5xfcc,2
yKdIZR5xfcc$_$8,yKdIZR5xfcc,2
yOQHOiswVjc$_$13,yOQHOiswVjc,2
yOQHOiswVjc$_$15,yOQHOiswVjc,2
yOQHOiswVjc$_$1,yOQHOiswVjc,2
ySfHPyaDbqY$_$7,ySfHPyaDbqY,2
ygb8Cfxghbs$_$15,ygb8Cfxghbs,3
ygb8Cfxghbs$_$14,ygb8Cfxghbs,3
ygb8Cfxghbs$_$0,ygb8Cfxghbs,3
ygb8Cfxghbs$_$7,ygb8Cfxghbs,3
ymPQOY2O_nw$_$0,ymPQOY2O_nw,3
yp6Gd2NPwOU$_$6,yp6Gd2NPwOU,4
yp6Gd2NPwOU$_$9,yp6Gd2NPwOU,4
yrIXBklJ5YQ$_$1,yrIXBklJ5YQ,3
yrIXBklJ5YQ$_$0,yrIXBklJ5YQ,3
yrIXBklJ5YQ$_$3,yrIXBklJ5YQ,3
yyToAEoUuek$_$3,yyToAEoUuek,0
z6E-ocntPo4$_$2,z6E-ocntPo4,4
z6E-ocntPo4$_$4,z6E-ocntPo4,4
z6E-ocntPo4$_$9,z6E-ocntPo4,4
z6E-ocntPo4$_$8,z6E-ocntPo4,4
z7FicxE_pMU$_$18,z7FicxE_pMU,0
z7FicxE_pMU$_$7,z7FicxE_pMU,0
z8bWG2z-bMM$_$1,z8bWG2z-bMM,4
z8bWG2z-bMM$_$5,z8bWG2z-bMM,4
zFTuwjr3xq0$_$4,zFTuwjr3xq0,2
zFuRNvfC4So$_$14,zFuRNvfC4So,2
zFuRNvfC4So$_$7,zFuRNvfC4So,2
zJWmmDk9fCE$_$0,zJWmmDk9fCE,1
zJWmmDk9fCE$_$10,zJWmmDk9fCE,1
zOHZDq2BvGo$_$0,zOHZDq2BvGo,2
zPskvGHHQtE$_$0,zPskvGHHQtE,4
zR62DCEMWgs$_$0,zR62DCEMWgs,0
zU2_X9lIcUM$_$2,zU2_X9lIcUM,4
zU2_X9lIcUM$_$5,zU2_X9lIcUM,4
zU2_X9lIcUM$_$4,zU2_X9lIcUM,4
zaTyjiyrHnk$_$6,zaTyjiyrHnk,1
zeQKU2L173M$_$5,zeQKU2L173M,0
zeQKU2L173M$_$9,zeQKU2L173M,0
zg-ZIxVsBbQ$_$0,zg-ZIxVsBbQ,1
zj4PzGtFwJM$_$1,zj4PzGtFwJM,2
zqkawTdHN5s$_$1,zqkawTdHN5s,3
zrFZAofNGi4$_$10,zrFZAofNGi4,3
zwTrXwi54us$_$12,zwTrXwi54us,2
zwTrXwi54us$_$0,zwTrXwi54us,2
zwTrXwi54us$_$9,zwTrXwi54us,2
