sample_id,polarity,intensity,p_negative,p_neutral,p_positive,target_class,contrast_class,main_modality,intensity_main_modality,class_baseline,class_margin,intensity_baseline,completeness_error,raw_text,text_mapping,sign_agreement,text_shapley_class,text_share,text_shapley_intensity,text_observed_rows,audio_shapley_class,audio_share,audio_shapley_intensity,audio_observed_rows,vision_shapley_class,vision_share,vision_shapley_intensity,vision_observed_rows,zero_feature_main_modality,baseline_sensitive,text_zero_feature_shapley,audio_zero_feature_shapley,vision_zero_feature_shapley
01,Neutral,0.2799021601676941,0.1658608509396758,0.4540177260027141,0.38012142305761004,Neutral,Positive,audio,text,-1.089895473409628,0.17764550529565892,0.16583210229873657,0.0,Replacing these wear components when replacing the timing belt is essential to ensuring the new belt performs to its mileage requirements,True,False,0.29541397809883263,0.23306069236560648,0.11039107541243234,22,0.5519886080565549,0.43547989164056566,-0.004706566532452902,22,0.4201383925498993,0.3314594159938278,0.008385548988978066,22,audio,False,-0.1081295797618024,0.13387180987857727,0.09546560821073992
02,Positive,0.3357832431793213,0.30136816833859,0.2595294823261897,0.43910234933522035,Positive,Negative,text,text,0.2463803078319281,0.37639985995935044,0.16583210229873657,3.3306690738754696e-16,We want to live by each other’s happiness - not by each other’s misery.,True,True,1.2032201436065544,0.528557891369437,0.6018706262111663,19,-0.09233394386312893,0.040561018637731476,-0.08138456195592879,19,-0.9808666476160034,0.4308810899928315,-0.35053492337465286,19,text,False,1.1983713043493593,-0.2559569673314669,-0.39544227663758547
03,Negative,-0.5780235528945923,0.8127595965732458,0.0813713094661218,0.10586909396063234,Negative,Positive,text,text,-0.2463803078319281,2.0382319983665327,0.16583210229873657,0.0,"There's one lender at the moment which I think is just Bankwest who don't take rental income into account, they take rental yield into account.",True,True,2.9461646187496955,0.7907957091354226,-1.2054488013188043,33,-0.7204787512161577,0.1933875321694612,0.3837352742751439,33,0.05892643866492307,0.01581675869511616,0.0778578718503316,33,text,False,2.115259247075333,-0.09575176979378688,-0.022646520849002795
04,Negative,0.3528187572956085,0.5145858908271831,0.09062551725945031,0.39478859191336657,Negative,Positive,text,text,-0.2463803078319281,0.26501207044532804,0.16583210229873657,4.440892098500626e-16,"If I blow it at the team exercise, should I kiss my chances of cheering ""GO BLUE"" goodbye?] Absolutely not.",True,False,2.451968357212345,0.558211407687894,-1.1027677034338315,26,-1.129793072164854,0.2572069820371491,0.6978515038887659,26,-0.8107829067702345,0.18458161027495681,0.5919028545419375,26,text,False,1.5385330809472095,-0.5088373794213938,-0.9468191723819197
05,Positive,0.5376254320144653,0.10101431324021354,0.2755434086743506,0.6234422780854358,Positive,Neutral,audio,vision,1.089895473409628,0.8165110041583873,0.16583210229873657,1.1102230246251565e-16,"Hi, my name is Chloe, video marketer for Red Wagon Marketing.",True,True,0.10236515804888421,0.08956520452759022,0.23618551592032114,15,-0.7081482960995324,0.6195999516332548,-0.17966194947560626,15,0.33239866879940755,0.290834843839155,0.3152697632710138,15,text,True,0.6204891591164704,-0.0682126693865677,0.3666397956355363
06,Positive,0.5459246635437012,0.1334395536427166,0.2746875306482968,0.5918729157089866,Positive,Neutral,text,text,1.089895473409628,0.7676577429741022,0.16583210229873657,1.1102230246251565e-16,"If you're a fan of dancing in that sense, just like to watch people dance, see impressive dance moves then you might want to check out this movie solely for that",True,True,0.9261380342399913,0.4259057977474701,0.6845068782567978,35,-0.5620531690974647,0.2584730294090461,0.0314846932888031,35,-0.6863225955780523,0.31562117284348384,-0.3358990103006363,35,text,False,1.3475060231189016,-0.18977352374340828,-0.38454560891928025
07,Positive,0.589529275894165,0.10053500790306386,0.22259965902297782,0.6768653330739582,Positive,Neutral,text,text,1.089895473409628,1.1120974289050283,0.16583210229873657,1.3877787807814457e-17,"As Linn’s associate editor Michael Baadke reports in our November 28 issue, attendees “enthusiastically discussed the topics of growing the hobby, the future of stamp shows, and dealers and philatelic partnerships, along with ways the leading organizations involved in the stamp hobby can work together to make it succeed and grow",True,True,0.6042741908026061,0.5046293116810469,0.4651446441809336,48,-0.5876297903775374,0.49072957467806455,-0.0862066348393758,48,0.005557555070331496,0.004641113640888598,0.04475916425387065,48,text,False,1.1172639125108437,-0.15661194516783872,-0.01494717930372609
08,Positive,0.5811564922332764,0.11192454098419348,0.26781715546823703,0.6202583035475695,Positive,Neutral,text,text,1.089895473409628,0.8398315179498255,0.16583210229873657,2.220446049250313e-16,"That brings us to tonight, the Universal Design Grand Challenge",True,True,1.267913702995243,0.4551195787962055,0.770745351910591,11,-0.8032931386390187,0.2883433107818094,-0.13317370414733887,11,-0.7146845198160265,0.2565371104219849,-0.22224725782871246,11,text,False,1.5326588107508703,-0.24343309292034593,-0.3059543504320504
09,Negative,-1.7650426626205444,0.9279511892474119,0.02857644561703701,0.04347236513555098,Negative,Positive,text,text,-0.2463803078319281,3.0608536816332577,0.16583210229873657,4.440892098500626e-16,"(uhh) I did not like this movie at all, I would not recommend it",True,True,3.469027420898634,0.756917082938772,-2.1573243166009584,18,-0.6379334928254002,0.13919254589612348,0.39628951003154117,18,0.4761400613919521,0.10389037116510448,-0.16983995834986368,18,text,False,2.826844020877642,-0.13005171919127434,0.1183632991488203
10,Negative,-1.3617502450942993,0.9182501369267354,0.02848365740594605,0.05326620566731864,Negative,Positive,text,text,-0.2463803078319281,2.847167743746177,0.16583210229873657,4.440892098500626e-16,(umm) And you know I really do like to see fluffy chick flicks sometimes so I'm not against that but this one was pretty terrible,True,True,3.8379136637453177,0.8375555990050437,-2.1952208876609802,30,-0.5303306513987021,0.11573512207919501,0.3942080736160278,30,-0.21403496076851075,0.04670927891576122,0.2734304666519165,30,text,False,2.9011767809286515,-0.045447590186184696,-0.10014357815226264
11,Negative,-1.3264981508255005,0.9148722322739451,0.032278729567077544,0.05284903815897742,Negative,Positive,text,text,-0.2463803078319281,2.8513449059673808,0.16583210229873657,8.881784197001252e-16,I would be ashamed to have made this film if I was a director,True,True,3.0979126464516122,0.9136746244187405,-1.5224993874629336,14,-0.14644147819652292,0.043190327765952115,0.12440613905588785,14,0.14625404554421906,0.04313504781530738,-0.09423700471719107,14,text,False,2.3487604912860176,0.1519564233314878,0.11591612084156579
12,Negative,-1.0081589221954346,0.8830824286117898,0.04981501005041369,0.06710256133779664,Negative,Positive,text,text,-0.2463803078319281,2.577196331684904,0.16583210229873657,4.440892098500626e-16,"Or worse, an individual previously had good credit, but usually by no fault of their own, or perhaps by fault of their own, they have let their credit sag, and credit scores is very low.",True,True,3.0807628738527773,0.7979042507790697,-1.4508075863122938,42,-0.5187458708068906,0.1343529354056634,0.3055565357208252,42,0.261559636470945,0.06774281381526688,-0.02873997390270233,42,text,False,2.4699342194423703,0.01706164020406799,0.19529480817831896
13,Neutral,0.1257621794939041,0.15656989377268749,0.5445205625075185,0.298909543719794,Neutral,Positive,audio,audio,-1.089895473409628,0.5997647074232448,0.16583210229873657,0.0,"For example, I could take a set of data and from that data, I can find a relationship between any two of the given factors or more.",True,False,0.7286578983357584,0.43124523297731143,0.020673036575317383,30,0.9610022824971144,0.5687547670226886,-0.06074295938014984,30,0.0,0.0,0.0,0,audio,False,0.06674124787385648,0.3656465777819373,0.0
14,Positive,0.45192015171051025,0.1242910512994745,0.32981826139696824,0.5458906873035573,Positive,Neutral,text,vision,1.089895473409628,0.5038769695797842,0.16583210229873657,2.220446049250313e-16,He is the co-founder of Rossen and Vettese Limited and the former Executive Director of Uniform Final Examination (UFE) courses at Toronto's York University.,True,True,-1.3436009839989687,0.5167241387839507,-0.34387345612049103,35,-0.24952266470122356,0.09596181125222755,0.07048584520816802,35,1.0071051448703483,0.3873140499638218,0.5594756603240966,35,vision,True,-0.21486852994655864,0.03227225681445761,0.6920023901939963
15,Positive,0.9362481832504272,0.09456220375924822,0.15607518083987412,0.7493626154008776,Positive,Neutral,text,text,1.089895473409628,1.5688851794541965,0.16583210229873657,2.220446049250313e-16,"However, despite their poverty, the family prioritize education because they believed in its power to transform lives",True,True,0.9298639913991089,0.4209332769255175,0.6786335706710814,21,0.41415744858109443,0.18748188294940213,0.35196837782859797,21,-0.8650317339356349,0.39158484012508044,-0.2601858675479889,21,text,False,1.6222075486914318,0.4154734984897595,-0.39106091815336946
16,Negative,-2.017001152038574,0.9305986718548424,0.031642658436859615,0.03775866970829814,Negative,Positive,text,text,-0.2463803078319281,3.204613001743306,0.16583210229873657,4.440892098500626e-16,"It's a terrible, this is a terrible movie",True,True,3.4764230592585412,0.7623147216774797,-2.157199030121167,11,-0.5546790786736524,0.12163077400873368,0.2087110827366511,11,0.529249328990345,0.11605450431378665,-0.23434530695279437,11,text,False,2.8932176295115593,-0.13820853171120306,0.18403101445857104
17,Positive,1.1501866579055786,0.06534660354832768,0.1075881348535249,0.8270652615981474,Positive,Neutral,text,text,1.089895473409628,2.0395732348023947,0.16583210229873657,1.1102230246251565e-16,"Applying these four design concepts to your presentations is simple, easy and will make people think you turned into a design guru.",True,True,1.6672511955576867,0.6991085108642201,1.0819322615861893,24,-0.41551135583439924,0.17423140915930987,-0.06901849806308746,24,-0.3020620783305209,0.12666007997647002,-0.02855920791625977,24,text,False,2.3009069470742167,-0.13570631172919054,-0.08236037462951656
18,Negative,-0.10309773683547974,0.5618807778273233,0.22996284504143577,0.20815637713124102,Negative,Neutral,text,vision,0.8435151655776999,0.8933719357161544,0.16583210229873657,5.551115123125783e-17,"-And in Denmark - the first Baltic Cod fishery has been MSC – certified -Meanwhile, the Faeroese Mackerel Fishery has been denied MSC certification based on the fact that the fishery has failed to reach an agreement on mackerel quotas with Norway and the European Union.",True,True,-0.742657433161623,0.483761825403,-0.1705467887222767,48,0.27591087118662966,0.17972639972853813,0.24766007810831067,48,0.5166033321134479,0.3365117748684618,-0.3460431285202503,48,audio,True,0.13005916023143382,0.43524555627549727,0.368404222902612
19,Positive,0.7694339752197266,0.2608758204441387,0.1094901018181808,0.6296340777376804,Positive,Negative,vision,vision,0.2463803078319281,0.8810943112885037,0.16583210229873657,0.0,"People are surprisingly forgiving brands when they own up to mistakes, and unfortunately some haters out there love to point fingers and jump all over imperfections, but for the most part, people understand",True,True,-0.22363956753623626,0.2066922234278404,0.17692469557126358,39,0.3501418826220395,0.32360822832763214,0.20726342995961508,39,0.5082116883707724,0.46969954824452753,0.2194137473901113,39,text,True,0.5616889880275255,-0.06421006137725313,0.3490045423627822
20,Positive,1.004290223121643,0.07194907736528186,0.12408942436425677,0.8039614982704614,Positive,Neutral,vision,vision,1.089895473409628,1.8685489103900608,0.16583210229873657,0.0,"And of course, click in the link of the description of this video for more, and we'll have more live updates and a stock market video (wrap-up) at the end of the day today.",True,True,0.22413313835695828,0.28784710592960583,0.24173618356386822,43,0.06890465023435269,0.08849206458467637,0.21269873778025308,43,0.48561564838912175,0.6236608294857178,0.38402319947878516,43,text,True,1.1598239878809906,0.20206153461088328,0.405690963636505
