epoch,train_loss,selection_score,clean_F1,clean_MAE,contiguous_30pct_mean_F1,contiguous_30pct_mean_MAE,scattered_TAV_mean_F1,scattered_TAV_mean_MAE,clean_Accuracy,contiguous_30pct_mean_Accuracy,scattered_TAV_mean_Accuracy,best_checkpoint
1,1.2787542175501585,0.5226714623367157,0.5980693241610876,0.5992813110351562,0.585120329755766,0.6181403279304505,0.564698765356937,0.6328844527403513,0.669695350080171,0.6540887226082309,0.6400320684126136,/root/user/cs_tcci_fengzihuan/数模比赛题/outputs/question2/问题2_跨模态序数联合/问题2_跨模态交互完整优化_best.pt
2,1.0814311620779335,0.5538656607970334,0.6221393941003848,0.5449901819229126,0.6096792045586612,0.5635745763778687,0.5938216830741159,0.5777839521567026,0.6600748262960984,0.6488508818813469,0.6365579903794761,/root/user/cs_tcci_fengzihuan/数模比赛题/outputs/question2/问题2_跨模态序数联合/问题2_跨模态交互完整优化_best.pt
3,1.0261119287461042,0.5138997572012116,0.5893985901359241,0.5794838666915894,0.5748742233650318,0.596897566318512,0.5501752312425215,0.6096077859401703,0.6680919294494923,0.65515766969535,0.6404774630322465,/root/user/cs_tcci_fengzihuan/数模比赛题/outputs/question2/问题2_跨模态序数联合/问题2_跨模态交互完整优化_best.pt
4,0.9718044186010957,0.5482058715488409,0.6141790316366548,0.5399847030639648,0.6065639760631905,0.5597570776939392,0.5876201495723464,0.5776292781035105,0.6557990379476216,0.64735435595938,0.6313914127917336,/root/user/cs_tcci_fengzihuan/数模比赛题/outputs/question2/问题2_跨模态序数联合/问题2_跨模态交互完整优化_best.pt
5,0.928500480717048,0.5563603954645585,0.625638287633101,0.5429077744483948,0.6089677240280978,0.5621386170387268,0.5981420953757993,0.581579864025116,0.655264564404062,0.6427578834847675,0.6339747015856048,/root/user/cs_tcci_fengzihuan/数模比赛题/outputs/question2/问题2_跨模态序数联合/问题2_跨模态交互完整优化_best.pt
6,0.8954607862979174,0.5370251455122724,0.6042418528982677,0.5757586359977722,0.5966644141988966,0.5862292885780335,0.5829984666519428,0.5984411935011545,0.6477819347942276,0.6410475681453768,0.6280064136825226,/root/user/cs_tcci_fengzihuan/数模比赛题/outputs/question2/问题2_跨模态序数联合/问题2_跨模态交互完整优化_best.pt
7,0.840064809890464,0.5525125223337716,0.6207012571695183,0.5488402843475342,0.6063949243412974,0.5645910024642944,0.595333815138222,0.5798420310020447,0.6616782469267771,0.6482095136290754,0.6383395688580082,/root/user/cs_tcci_fengzihuan/数模比赛题/outputs/question2/问题2_跨模态序数联合/问题2_跨模态交互完整优化_best.pt
8,0.8033991688862443,0.5360860667713212,0.6075362481985013,0.5727795362472534,0.5946124361864125,0.5867610692977905,0.5773444640268551,0.600049634774526,0.6515232495991449,0.6385889898450026,0.6219490468555141,/root/user/cs_tcci_fengzihuan/数模比赛题/outputs/question2/问题2_跨模态序数联合/问题2_跨模态交互完整优化_best.pt
9,0.7545097911497578,0.5475131625925544,0.6144782162087483,0.5513363480567932,0.6079832321896772,0.5650400876998901,0.5865312242824926,0.5875934759775797,0.6322822020309995,0.6297167290219134,0.6095670764297166,/root/user/cs_tcci_fengzihuan/数模比赛题/outputs/question2/问题2_跨模态序数联合/问题2_跨模态交互完整优化_best.pt
