cohort,model,samples,video_groups,selection_score,clean_Macro_F1,clean_MAE,contiguous_30pct_mean_Macro_F1,contiguous_30pct_mean_MAE,scattered_TAV_mean_Macro_F1,scattered_TAV_mean_MAE
full_valid_1871,old_distilled_3seed,1871,300,0.5489557998974621,0.6189264216431297,0.5703353881835938,0.6041173581161683,0.5901507377624512,0.5953527398482287,0.5979286829630533
full_valid_1871,full_clean_teacher,1871,300,0.5566846871513915,0.6318720212849573,0.5543813705444336,0.6057323891592463,0.5825023531913758,0.5987745852695642,0.5921962757905325
full_valid_1871,full_robust_student,1871,300,0.5628739263399123,0.6305285852859462,0.5424532294273376,0.6176042572940548,0.5596841692924499,0.6035707251277607,0.5733782748381296
attachment2_valid_728,old_distilled_3seed,728,239,0.5520230714714178,0.620798489893552,0.5823522210121155,0.6071563545526864,0.5982898950576783,0.6025175097110548,0.5985232690970103
attachment2_valid_728,full_clean_teacher,728,239,0.5492779819849131,0.6227946142048116,0.5559634566307068,0.5968967413645216,0.5847612500190735,0.5950902913955974,0.5884865919748942
attachment2_valid_728,full_robust_student,728,239,0.562935424939666,0.6307522084251643,0.5480999946594238,0.6247062519835564,0.5636909484863282,0.5981745813589487,0.5798326730728149
new_full_valid_1143,old_distilled_3seed,1143,278,0.5453324090165632,0.6162537796967162,0.5626816153526306,0.6007491279733957,0.5849667191505432,0.5886297522404885,0.5975500245889028
new_full_valid_1143,full_clean_teacher,1143,278,0.5595051408592221,0.6356066057586985,0.5533736944198608,0.6096071512523028,0.5810635685920715,0.5992799340601794,0.5945590734481812
new_full_valid_1143,full_robust_student,1143,278,0.5614736168384762,0.6292171843359864,0.538856565952301,0.6114139557227792,0.557132112979889,0.6056960079711748,0.5692673325538635
