帧序号,时间_秒,原始_MFCC1,原始_RMS,标准化_MFCC1,标准化_RMS,词序号,词语
0,0.000000,-11.6271601,0.0365817882,-0.0451361246,-0.95624504,,
1,0.010000,-9.09241295,0.0444939919,0.203861426,-0.883508723,,
2,0.020000,-9.10806465,0.0500348732,0.202323902,-0.832571802,,
3,0.030000,-7.89190149,0.0445078388,0.32179209,-0.88338143,,
4,0.040000,-7.2066412,0.0267082397,0.389107735,-1.04701186,,
5,0.050000,-11.0339165,0.020644173,0.0131403803,-1.10275838,,
6,0.060000,-17.3459072,0.0143425679,-0.60690973,-1.16068858,,
7,0.070000,-21.0270653,0.0102702146,-0.968523452,-1.19812543,,
8,0.080000,-25.371851,0.00747074699,-1.39532776,-1.22386074,,
9,0.090000,-28.0352554,0.00729548791,-1.6569638,-1.22547188,,
10,0.100000,-22.343174,0.00933199283,-1.09780966,-1.20675044,,
11,0.110000,-19.4645653,0.0116370348,-0.815033319,-1.18556035,,
12,0.120000,-11.5754557,0.128423914,-0.0400570102,-0.111947015,,
13,0.130000,-10.9433765,0.232021764,0.0220344515,0.840420526,,
14,0.140000,-12.5571747,0.290684313,-0.136494887,1.37970109,,
15,0.150000,-16.0552025,0.303692728,-0.480119048,1.49928652,,
16,0.160000,-14.9626932,0.297912955,-0.372797837,1.44615348,,
17,0.170000,-12.6743259,0.284848899,-0.148003087,1.32605656,1,Omi
18,0.180000,-12.1204023,0.245525897,-0.0935891298,0.964563041,1,Omi
19,0.190000,-12.2337685,0.18193768,-0.104725502,0.380001161,1,Omi
20,0.200000,-12.7364969,0.168225959,-0.154110372,0.253950304,1,Omi
21,0.210000,-10.8163328,0.153884113,0.0345144247,0.122106749,1,Omi
22,0.220000,-11.157711,0.153450459,0.000979584922,0.118120203,1,Omi
23,0.230000,-11.327981,0.128852189,-0.0157466613,-0.10800992,1,Omi
24,0.240000,-14.79774,0.0902417451,-0.356593873,-0.462952936,1,Omi
25,0.250000,-12.4183016,0.0543136634,-0.122852871,-0.793237193,1,Omi
26,0.260000,-7.36410332,0.0369160101,0.37363965,-0.953172562,1,Omi
27,0.270000,-8.32902622,0.0344482437,0.278851717,-0.97585856,1,Omi
28,0.280000,-8.23346138,0.0288077332,0.288239404,-1.02771137,1,Omi
29,0.290000,-9.35764027,0.0368777663,0.177807169,-0.953524135,1,Omi
30,0.300000,-11.4847822,0.0420835093,-0.0311498233,-0.905668116,1,Omi
31,0.310000,-13.5294342,0.0423402712,-0.232003523,-0.903307722,1,Omi
32,0.320000,-16.6429214,0.0391439721,-0.537852848,-0.932691068,1,Omi
33,0.330000,-15.0517893,0.0622194596,-0.381550072,-0.720559781,1,Omi
34,0.340000,-12.1604118,0.0618643612,-0.0975194103,-0.723824174,1,Omi
35,0.350000,-16.2769337,0.0458830036,-0.50190052,-0.870739639,1,Omi
36,0.360000,-8.09587097,0.0526813492,0.301755417,-0.808242939,1,Omi
37,0.370000,-13.0941792,0.0593739823,-0.189246815,-0.746718048,1,Omi
38,0.380000,-17.7200623,0.0490419753,-0.643664359,-0.841699441,1,Omi
39,0.390000,-20.9774971,0.0412508734,-0.963654188,-0.913322478,1,Omi
40,0.400000,-20.801321,0.030448623,-0.946347763,-1.01262678,1,Omi
41,0.410000,-25.6517696,0.0326333493,-1.4228252,-0.992542753,1,Omi
42,0.420000,-18.0703659,0.0283567198,-0.678075977,-1.0318575,1,Omi
43,0.430000,-21.7844353,0.0316051915,-1.0429227,-1.00199453,1,Omi
44,0.440000,-21.1136837,0.0304732006,-0.977032299,-1.01240084,1,Omi
45,0.450000,-20.5534363,0.0324626938,-0.921997131,-0.994111577,1,Omi
46,0.460000,-19.4417553,0.0317059532,-0.812792611,-1.00106824,1,Omi
47,0.470000,-21.9057369,0.028026551,-1.05483861,-1.03489272,1,Omi
48,0.480000,-19.9519939,0.0306217968,-0.862915233,-1.01103481,1,Omi
49,0.490000,-17.5048828,0.0325899497,-0.622526489,-0.992941723,1,Omi
50,0.500000,-15.4759312,0.0307965223,-0.423215092,-1.00942857,1,Omi
51,0.510000,-6.05481148,0.0863727108,0.502256213,-0.498520689,1,Omi
52,0.520000,2.54122281,0.134046391,1.34667634,-0.0602599963,1,Omi
53,0.530000,3.29184318,0.192059383,1.42041254,0.473049246,1,Omi
54,0.540000,3.29487705,0.230948687,1.42071057,0.830555804,1,Omi
55,0.550000,1.63380969,0.261816412,1.2575378,1.11432057,1,Omi
56,0.560000,1.47563124,0.276642829,1.24199935,1.25061875,1,Omi
57,0.570000,0.308541298,0.276793957,1.12735181,1.25200806,1,Omi
58,0.580000,0.623980939,0.299772531,1.1583386,1.46324843,1,Omi
59,0.590000,0.782682717,0.298776597,1.17392846,1.45409288,1,Omi
60,0.600000,-1.79354811,0.27185753,0.920855817,1.20662784,1,Omi
61,0.610000,-6.7686224,0.246200368,0.432135935,0.970763407,1,Omi
62,0.620000,-9.79201984,0.318278044,0.135136463,1.63336828,1,Omi
63,0.630000,-10.6734877,0.420317858,0.0485466306,2.57141291,1,Omi
64,0.640000,-7.4294138,0.460416228,0.367223961,2.94003432,1,Omi
65,0.650000,-1.33074307,0.41581735,0.96631886,2.53004006,1,Omi
66,0.660000,0.715058625,0.376288831,1.1672855,2.16665725,1,Omi
67,0.670000,0.406335473,0.41354239,1.13695849,2.50912652,1,Omi
68,0.680000,0.125854298,0.415880948,1.10940579,2.53062472,1,Omi
69,0.690000,-0.75308156,0.414448172,1.02306468,2.5174533,,
70,0.700000,-0.361851573,0.407530725,1.06149664,2.45386172,,
71,0.710000,-1.79979992,0.409986824,0.920241678,2.47644045,,
72,0.720000,-0.733846307,0.377792746,1.02495423,2.18048262,,
73,0.730000,0.0564275011,0.333431244,1.10258574,1.77267054,,
74,0.740000,-0.419829905,0.338771522,1.05580122,1.82176333,,
75,0.750000,-2.96230102,0.349087328,0.806044911,1.91659579,2,and
76,0.760000,-6.45240545,0.307110697,0.463199091,1.53070766,2,and
77,0.770000,-7.71762562,0.24420552,0.338911852,0.952424911,2,and
78,0.780000,-5.01071167,0.260378093,0.604821984,1.10109821,2,and
79,0.790000,-4.57482529,0.295038164,0.64764071,1.41972573,2,and
80,0.800000,-6.65879774,0.309577197,0.442924416,1.55338201,2,and
81,0.810000,-8.73829746,0.298353136,0.238647495,1.45020003,,
82,0.820000,-10.7287483,0.264848411,0.0431181724,1.14219352,,
83,0.830000,-11.38062,0.253960967,-0.020917585,1.04210603,3,Winant
84,0.840000,-8.77265453,0.237612173,0.235272474,0.891812753,3,Winant
85,0.850000,-4.74642706,0.24922502,0.630783635,0.998568819,3,Winant
86,0.860000,-3.73954749,0.27728796,0.729693126,1.25654939,3,Winant
87,0.870000,-3.09217238,0.276894152,0.793287168,1.25292915,3,Winant
88,0.880000,-1.22262907,0.267362535,0.976939297,1.16530568,3,Winant
89,0.890000,0.617845595,0.253409833,1.15773591,1.0370395,3,Winant
90,0.900000,-0.626646161,0.236838564,1.03548489,0.884701024,3,Winant
91,0.910000,-2.73968577,0.195707053,0.827913227,0.506582014,3,Winant
92,0.920000,-5.20210171,0.147770092,0.586021036,0.065900997,3,Winant
93,0.930000,-4.64648962,0.136194631,0.640600858,-0.0405113739,3,Winant
94,0.940000,-2.0586319,0.152215585,0.894815659,0.106768095,3,Winant
95,0.950000,-1.05692697,0.149917975,0.993216826,0.0856463317,3,Winant
96,0.960000,-0.0150220795,0.13584055,1.09556698,-0.0437664185,3,Winant
97,0.970000,0.0807392523,0.126421824,1.10497397,-0.130352085,3,Winant
98,0.980000,0.406230658,0.1310848,1.13694819,-0.0874856872,3,Winant
99,0.990000,-0.236853927,0.139438093,1.07377562,-0.0106944691,3,Winant
100,1.000000,-2.86844397,0.124199226,0.815264835,-0.150784264,3,Winant
101,1.010000,-11.5625429,0.0882533342,-0.0387885431,-0.481232254,3,Winant
102,1.020000,-17.7060776,0.0555130206,-0.642290592,-0.782211589,3,Winant
103,1.030000,-18.7801361,0.0476482138,-0.74779932,-0.854512189,3,Winant
104,1.040000,-6.41071558,0.0505258515,0.467294441,-0.828058274,3,Winant
105,1.050000,-9.31349659,0.0381920598,0.182143565,-0.941441929,3,Winant
106,1.060000,-21.9312897,0.0233316198,-1.05734875,-1.07805288,3,Winant
107,1.070000,-19.7805481,0.0160233062,-0.846073476,-1.14523768,,
108,1.080000,-20.7006149,0.0359223522,-0.936455032,-0.962307187,,
109,1.090000,-8.74684525,0.0987580642,0.237807815,-0.38466303,,
110,1.100000,-7.37762022,0.13888222,0.372311835,-0.0158045687,,
111,1.110000,-2.46486926,0.173202425,0.854909466,0.299698599,,
112,1.120000,-5.26521397,0.207988814,0.579821286,0.619487351,,
113,1.130000,-7.54294109,0.241653845,0.356071756,0.928967549,,
114,1.140000,-6.66143656,0.283412904,0.442665195,1.31285556,,
115,1.150000,-5.08269405,0.274556071,0.597750889,1.23143533,4,argue
116,1.160000,-3.38039303,0.235957235,0.764974192,0.876599028,4,argue
117,1.170000,-1.67732716,0.243047237,0.932272629,0.941776907,4,argue
118,1.180000,-3.0807364,0.25156787,0.794410567,1.02010647,4,argue
119,1.190000,-5.48050785,0.20387657,0.558672174,0.581683792,4,argue
120,1.200000,-15.0557013,0.140306026,-0.38193436,-0.00271562348,4,argue
121,1.210000,-18.2914658,0.101257876,-0.699795431,-0.361682445,4,argue
122,1.220000,-20.2495918,0.0953203142,-0.89214937,-0.416266017,4,argue
123,1.230000,-23.4895325,0.0910466313,-1.21042068,-0.455553675,4,argue
124,1.240000,-24.6586857,0.0870108157,-1.32527091,-0.492654636,4,argue
125,1.250000,-22.6767254,0.0830694959,-1.13057564,-0.528886904,4,argue
126,1.260000,-11.618578,0.0783527419,-0.0442930718,-0.572247683,4,argue
127,1.270000,-9.51133347,0.0979395434,0.16270932,-0.392187632,4,argue
128,1.280000,-10.8763256,0.155546576,0.0286211118,0.137389651,4,argue
129,1.290000,-2.27360821,0.201269999,0.873697744,0.557721776,4,argue
130,1.300000,1.98505402,0.232446611,1.29204183,0.844326114,4,argue
131,1.310000,2.42701459,0.232115954,1.33545724,0.84128641,4,argue
132,1.320000,0.831694603,0.198414147,1.17874308,0.531468133,4,argue
133,1.330000,-10.2184505,0.126132235,0.0932466034,-0.133014258,,
134,1.340000,-17.7702293,0.0706718713,-0.648592456,-0.642857371,,
135,1.350000,-17.9771137,0.0439835191,-0.668915472,-0.888201463,,
136,1.360000,-5.66260576,0.142530188,0.540784025,0.017730939,,
137,1.370000,4.24057674,0.232371002,1.51361014,0.843631051,5,that
138,1.380000,6.13675499,0.295951724,1.69987871,1.42812403,5,that
139,1.390000,6.3606925,0.287071288,1.72187692,1.34648682,5,that
140,1.400000,2.37806892,0.227450952,1.33064913,0.798401382,5,that
141,1.410000,-9.33411407,0.135208338,0.180118234,-0.0495782937,5,that
142,1.420000,-15.6138134,0.074100256,-0.436759772,-0.611340478,5,that
143,1.430000,-20.3342533,0.0628321245,-0.90046598,-0.714927596,5,that
144,1.440000,-23.0606632,0.042280145,-1.16829127,-0.903860458,5,that
145,1.450000,-23.7158585,0.0308347717,-1.23265352,-1.00907695,,
146,1.460000,-11.3076715,0.0391617715,-0.0137515894,-0.93252744,,
147,1.470000,-1.08902609,0.136886656,0.99006361,-0.0341496397,6,the
148,1.480000,4.15007687,0.176611587,1.50472,0.33103878,6,the
149,1.490000,-1.81493688,0.16434297,0.918754719,0.218254264,6,the
150,1.500000,-13.5020323,0.0875460282,-0.229311731,-0.487734466,6,the
151,1.510000,-20.7964821,0.0383842289,-0.945872416,-0.939675332,6,the
152,1.520000,-26.9543495,0.028498983,-1.55078243,-1.03054968,6,the
153,1.530000,-27.9214077,0.0271569546,-1.64578011,-1.04288685,6,the
154,1.540000,-28.8615074,0.0265440568,-1.73812957,-1.04852118,6,the
155,1.550000,-18.1894016,0.0321565084,-0.689769295,-0.996926317,,
156,1.560000,-12.6284227,0.0569755919,-0.143493846,-0.768766277,,
157,1.570000,-9.39140892,0.0539136194,0.17448995,-0.796914769,,
158,1.580000,-9.80384445,0.0438771881,0.133974888,-0.889178956,,
159,1.590000,-5.12697935,0.0438792147,0.593400581,-0.889160326,7,concept
160,1.600000,-5.31386471,0.0482834205,0.575042144,-0.84867278,7,concept
161,1.610000,-5.97332764,0.0487022996,0.51026067,-0.844822055,7,concept
162,1.620000,-7.59434319,0.0480784886,0.35102234,-0.850556705,7,concept
163,1.630000,-9.12319279,0.121572278,0.200837809,-0.174933608,7,concept
164,1.640000,-0.508662283,0.248514339,1.04707489,0.99203558,7,concept
165,1.650000,-0.771581054,0.31678617,1.02124741,1.61965358,7,concept
166,1.660000,-1.83374286,0.305635422,0.916907338,1.51714557,7,concept
167,1.670000,-0.177646428,0.268885881,1.07959179,1.17930969,7,concept
168,1.680000,-1.24538064,0.25069347,0.974704327,1.01206817,7,concept
169,1.690000,-2.23072124,0.210525572,0.877910689,0.642807591,7,concept
170,1.700000,-3.56871247,0.20220387,0.746474879,0.566306782,7,concept
171,1.710000,-7.72840309,0.184823275,0.337853141,0.406528227,7,concept
172,1.720000,-11.9709148,0.149040446,-0.0789044222,0.0775792675,7,concept
173,1.730000,-12.6334877,0.0895526633,-0.143991396,-0.469287615,7,concept
174,1.740000,-12.3783197,0.0634614229,-0.118925307,-0.709142501,7,concept
175,1.750000,-8.49068451,0.0637299418,0.262971428,-0.706674026,7,concept
176,1.760000,-7.66069651,0.0523328073,0.344504208,-0.81144706,7,concept
177,1.770000,-8.35484791,0.040625792,0.276315158,-0.919068805,7,concept
178,1.780000,-13.1070881,0.0322778821,-0.190514907,-0.995810537,7,concept
179,1.790000,-6.3355794,0.224975422,0.474675345,0.775644015,7,concept
180,1.800000,3.23573303,0.325581342,1.41490064,1.70050696,7,concept
181,1.810000,1.26128078,0.357055396,1.22094292,1.98984566,7,concept
182,1.820000,-2.59291387,0.304971099,0.842331172,1.51103849,7,concept
183,1.830000,-4.99459648,0.2414428,0.606405039,0.927027426,7,concept
184,1.840000,-13.2996597,0.161389247,-0.209431929,0.191100901,7,concept
185,1.850000,-22.4447155,0.0428832732,-1.10778446,-0.898315944,7,concept
186,1.860000,-26.7621155,0.03180575,-1.53189857,-1.00015081,7,concept
187,1.870000,-26.042635,0.0310310759,-1.46122135,-1.00727234,7,concept
188,1.880000,-30.1727295,0.0297017526,-1.86693575,-1.01949271,7,concept
189,1.890000,-30.9199696,0.0257842597,-1.9403399,-1.05550594,7,concept
190,1.900000,-28.3068295,0.0298377145,-1.68364151,-1.01824282,7,concept
191,1.910000,-11.7727127,0.059308324,-0.0594342963,-0.747321639,,
192,1.920000,-3.57211637,0.236804888,0.746140501,0.884391437,,
193,1.930000,0.528879642,0.332668543,1.14899645,1.76565909,,
194,1.940000,0.239670768,0.330940664,1.1205864,1.74977482,,
195,1.950000,-2.3942554,0.277198762,0.861846126,1.2557294,,
196,1.960000,-6.81600332,0.244154185,0.427481533,0.951952997,,
197,1.970000,-8.14558887,0.205196813,0.296871444,0.59382069,8,of
198,1.980000,-10.0590277,0.162596107,0.1089073,0.202195478,8,of
199,1.990000,-10.2666559,0.125941724,0.0885112117,-0.134765615,8,of
200,2.000000,-13.4571352,0.102760062,-0.224901325,-0.347872957,8,of
201,2.010000,-15.3554564,0.0754860416,-0.411380407,-0.598601051,,
202,2.020000,-19.0467052,0.0621822104,-0.773985389,-0.72090221,,
203,2.030000,-20.1324768,0.0449892282,-0.88064473,-0.878956051,,
204,2.040000,-20.151516,0.0360857062,-0.882515017,-0.960805486,,
205,2.050000,-19.0708885,0.0354399346,-0.776361001,-0.966742018,,
206,2.060000,-12.2415419,0.129334554,-0.105489112,-0.103575569,,
207,2.070000,-4.69111586,0.21048139,0.636217059,0.64240143,9,race
208,2.080000,-1.14058709,0.248075709,0.984998583,0.98800328,9,race
209,2.090000,0.343303978,0.222095877,1.13076667,0.749172565,9,race
210,2.100000,2.26982331,0.172413021,1.32001577,0.292441666,9,race
211,2.110000,1.82301664,0.151110038,1.2761243,0.0966048815,9,race
212,2.120000,1.22791457,0.147996724,1.21766523,0.0679844063,9,race
213,2.130000,-2.17683244,0.149481714,0.883204384,0.0816358131,9,race
214,2.140000,-3.15329504,0.141995549,0.787282865,0.0128160435,9,race
215,2.150000,-3.98752141,0.128884763,0.705333734,-0.10771047,9,race
216,2.160000,-7.70320797,0.103788458,0.340328151,-0.338418985,9,race
217,2.170000,-11.7229929,0.0685416162,-0.0545501361,-0.662440652,9,race
218,2.180000,-11.0598288,0.0579973646,0.0105949211,-0.759373195,9,race
219,2.190000,-8.58939362,0.0542640761,0.253274869,-0.793693046,9,race
220,2.200000,-8.57444191,0.0438454747,0.25474363,-0.889470495,9,race
221,2.210000,-8.20387173,0.0513119698,0.291146105,-0.820831546,9,race
222,2.220000,-12.9310837,0.0597437732,-0.173225346,-0.743318586,9,race
223,2.230000,-11.2587423,0.0637534037,-0.00894509232,-0.706458343,9,race
224,2.240000,-10.5222998,0.0725560561,0.0633983748,-0.625536196,9,race
225,2.250000,-8.88528347,0.0720350891,0.224208518,-0.630325408,,
226,2.260000,-8.39641762,0.0549235977,0.272231612,-0.787630111,,
227,2.270000,-17.9977493,0.0337813571,-0.670942583,-0.9819892,,
228,2.280000,-23.6819782,0.0144763906,-1.22932533,-1.15945836,,
229,2.290000,-27.763628,0.0109760156,-1.63028083,-1.19163706,,
230,2.300000,-32.7158051,0.00809361693,-2.11675143,-1.21813474,,
231,2.310000,-12.7001524,0.0177123602,-0.150540115,-1.12971033,,
232,2.320000,-11.5694494,0.0205239821,-0.039466995,-1.10386329,,
233,2.330000,-11.3516645,0.0210990235,-0.0180731835,-1.09857698,10,came
234,2.340000,-11.1179085,0.0271229744,0.00488953621,-1.04319923,10,came
235,2.350000,-9.35109329,0.0279877428,0.178450303,-1.03524948,10,came
236,2.360000,-9.12782574,0.0259755887,0.200382697,-1.05374706,10,came
237,2.370000,-10.0642443,0.0221106242,0.108394854,-1.0892774,10,came
238,2.380000,-13.4713612,0.0666803569,-0.226298793,-0.679551074,10,came
239,2.390000,-4.90232801,0.17322965,0.61546891,0.299948871,10,came
240,2.400000,-1.19578969,0.232232675,0.979575828,0.842359416,10,came
241,2.410000,-2.61514115,0.259736598,0.840147704,1.09520099,10,came
242,2.420000,-5.35106897,0.258891612,0.571387432,1.0874331,10,came
243,2.430000,-10.5979948,0.25360164,0.0559625723,1.03880277,10,came
244,2.440000,-11.2391186,0.259462386,-0.00701737841,1.09268018,10,came
245,2.450000,-10.6728134,0.260263175,0.0486128644,1.10004177,10,came
246,2.460000,-9.39567184,0.242644623,0.174071187,0.938075701,10,came
247,2.470000,-6.87753725,0.235056177,0.421436828,0.868315664,,
248,2.480000,-4.25097227,0.256607831,0.679453985,1.06643846,,
249,2.490000,-0.212011099,0.278136313,1.07621603,1.26434824,,
250,2.500000,-2.78786087,0.260349125,0.82318081,1.10083191,,
251,2.510000,-13.3369198,0.195380226,-0.213092122,0.503577515,,
252,2.520000,-20.5610638,0.136638314,-0.922746407,-0.0364326367,,
253,2.530000,-21.4155617,0.0921821296,-1.00668689,-0.445115121,11,about
254,2.540000,-22.5077,0.064244695,-1.11397165,-0.701941938,11,about
255,2.550000,-18.8365936,0.112795897,-0.75334535,-0.25561425,11,about
256,2.560000,0.592152774,0.236974716,1.15521201,0.885952658,11,about
257,2.570000,1.97834945,0.315949321,1.29138321,1.61196049,11,about
258,2.580000,1.39870405,0.341158777,1.23444251,1.8437092,11,about
259,2.590000,-0.371094465,0.317832798,1.06058868,1.62927516,11,about
260,2.600000,-0.597522914,0.324054301,1.03834578,1.68646898,11,about
261,2.610000,0.990688264,0.339151233,1.19436162,1.82525399,11,about
262,2.620000,2.31344056,0.345508248,1.32430045,1.88369357,11,about
263,2.630000,3.31158638,0.323365986,1.42235199,1.68014136,11,about
264,2.640000,2.89807534,0.301198512,1.38173128,1.47635737,11,about
265,2.650000,0.0129249003,0.234981149,1.09831232,0.867625943,11,about
266,2.660000,-7.85797596,0.129570708,0.325124721,-0.101404626,11,about
267,2.670000,-12.1522455,0.0610711165,-0.0967172032,-0.731116416,11,about
268,2.680000,-14.351779,0.0564760193,-0.312785481,-0.773358811,11,about
269,2.690000,-14.3875313,0.0540999733,-0.316297561,-0.795201631,,
270,2.700000,-16.2393246,0.0529167503,-0.498206039,-0.806078914,,
271,2.710000,-14.112318,0.0484956279,-0.28926235,-0.846721972,,
272,2.720000,-15.3694782,0.0599925928,-0.412757828,-0.741031206,,
273,2.730000,-16.8812847,0.0601505712,-0.56126815,-0.739578922,,
274,2.740000,-14.8346481,0.045399107,-0.360219497,-0.875188065,,
275,2.750000,-19.1916504,0.0319910273,-0.788223884,-0.998447573,12,as
276,2.760000,-21.2214298,0.0193309002,-0.987616598,-1.11483121,12,as
277,2.770000,-21.4564762,0.0171453636,-1.01070607,-1.13492269,12,as
278,2.780000,-20.5243683,0.0191594921,-0.919141674,-1.11640695,12,as
279,2.790000,-17.4557343,0.0195589159,-0.617698445,-1.11273507,,
280,2.800000,-18.3368187,0.0306150522,-0.704250617,-1.01109681,,
281,2.810000,-12.64816,0.0689853132,-0.145432708,-0.658361778,,
282,2.820000,-9.76066685,0.0820545033,0.138216383,-0.538217658,,
283,2.830000,-12.0177584,0.068399407,-0.0835060347,-0.663747971,,
284,2.840000,-23.0568924,0.0363158993,-1.16792085,-0.958689337,,
285,2.850000,-29.9014683,0.0215819385,-1.84028876,-1.09413757,13,a
286,2.860000,-33.4768295,0.0174204633,-2.19150967,-1.13239371,13,a
287,2.870000,-37.0080261,0.0153262904,-2.53839213,-1.15164529,,
288,2.880000,-38.8082581,0.0146895284,-2.71523554,-1.157499,,
289,2.890000,-40.7229385,0.0108314091,-2.90332166,-1.19296641,,
290,2.900000,-23.0821533,0.0378028713,-1.17040232,-0.945019711,,
291,2.910000,1.02241361,0.0482783541,1.19747811,-0.848719355,,
292,2.920000,-3.0348897,0.0529004373,0.798914258,-0.806228879,,
293,2.930000,-5.9935379,0.0324462317,0.508275342,-0.994262912,14,tool
294,2.940000,-12.129015,0.0254701339,-0.0944351804,-1.05839367,14,tool
295,2.950000,-15.0880194,0.0180689041,-0.385109087,-1.12643265,14,tool
296,2.960000,-21.2810078,0.010363562,-0.993469159,-1.1972673,14,tool
297,2.970000,-26.4992638,0.00742636342,-1.50607768,-1.22426875,14,tool
298,2.980000,-29.2053146,0.0064587947,-1.77190302,-1.23316354,14,tool
299,2.990000,-30.1856766,0.00694811717,-1.86820759,-1.22866524,14,tool
300,3.000000,-28.5232639,0.0858528018,-1.70490267,-0.503300174,14,tool
301,3.010000,-17.1688633,0.229634538,-0.589518054,0.818474934,14,tool
302,3.020000,-14.7406769,0.287273049,-0.350988354,1.3483416,14,tool
303,3.030000,-15.5138407,0.293140829,-0.426939083,1.40228367,14,tool
304,3.040000,-14.3898163,0.278366864,-0.316522025,1.26646768,14,tool
305,3.050000,-13.4173393,0.257753074,-0.22099203,1.0769666,14,tool
306,3.060000,-14.2086334,0.239965916,-0.298723765,0.913450539,14,tool
307,3.070000,-12.020236,0.259226114,-0.083749423,1.09050815,14,tool
308,3.080000,-15.2044678,0.254881591,-0.396548243,1.05056926,14,tool
309,3.090000,-15.7580671,0.243509725,-0.450930348,0.94602852,14,tool
310,3.100000,-16.094389,0.255846232,-0.483968481,1.05943714,14,tool
311,3.110000,-15.5392332,0.285976857,-0.429433485,1.3364258,14,tool
312,3.120000,-12.1801662,0.335517794,-0.0994599587,1.79185205,14,tool
313,3.130000,-11.8760042,0.292485118,-0.0695810021,1.39625577,,
314,3.140000,-13.9347878,0.194179043,-0.271822895,0.492535131,,
315,3.150000,-14.3147736,0.0880492255,-0.309150302,-0.48310861,,
316,3.160000,-18.9694462,0.0849778131,-0.766395946,-0.511343882,,
317,3.170000,-26.4419918,0.0770022646,-1.50045164,-0.584662523,,
318,3.180000,-29.6729908,0.0440538824,-1.81784458,-0.887554618,,
319,3.190000,-10.6361561,0.0369662456,0.0522138493,-0.952710751,,
320,3.200000,-10.0298071,0.0360419415,0.111777745,-0.961207812,,
321,3.210000,-11.9325562,0.0315795764,-0.0751363069,-1.00223001,15,to
322,3.220000,-12.3162184,0.0275972262,-0.112824861,-1.03883947,15,to
323,3.230000,-13.4171047,0.063181445,-0.220968984,-0.711716318,15,to
324,3.240000,-12.5759525,0.0776184425,-0.138339504,-0.578998044,15,to
325,3.250000,-16.6751213,0.0765339062,-0.541015959,-0.588968108,15,to
326,3.260000,-25.8061066,0.0633191913,-1.43798629,-0.710450026,15,to
327,3.270000,-28.034153,0.0625556186,-1.6568555,-0.717469495,,
328,3.280000,-32.1150208,0.0663952678,-2.05773418,-0.682171877,,
329,3.290000,-34.6457291,0.0643881261,-2.30633498,-0.700623386,,
330,3.300000,-36.6074066,0.0505132452,-2.4990378,-0.828174163,,
331,3.310000,-12.0693636,0.0310415998,-0.0885754061,-1.00717559,,
332,3.320000,-9.17272663,0.0312105883,0.195971917,-1.00562209,,
333,3.330000,-4.21637964,0.0493000336,0.682852146,-0.839327129,16,justify
334,3.340000,2.67742515,0.118079439,1.360056,-0.20704303,16,justify
335,3.350000,5.66975212,0.252828211,1.6540033,1.03169269,16,justify
336,3.360000,7.95149374,0.308598191,1.87814719,1.54438208,16,justify
337,3.370000,8.64623833,0.374464035,1.94639451,2.14988203,16,justify
338,3.380000,8.18559742,0.385029316,1.90114406,2.24700789,16,justify
339,3.390000,7.68805552,0.345674187,1.85226868,1.88521903,16,justify
340,3.400000,1.96269417,0.248291269,1.28984534,0.98998491,16,justify
341,3.410000,-1.71211421,0.176814318,0.928855368,0.332902465,16,justify
342,3.420000,-4.66938305,0.128279954,0.638351953,-0.11327043,16,justify
343,3.430000,-7.20235729,0.0992667004,0.389528558,-0.379987174,16,justify
344,3.440000,-6.55276155,0.0897477791,0.453340741,-0.46749393,16,justify
345,3.450000,-5.85758114,0.069216013,0.521630876,-0.656240971,16,justify
346,3.460000,-4.95357752,0.0503937565,0.610434482,-0.829272614,16,justify
347,3.470000,-7.72824669,0.0349123515,0.337868505,-0.971592051,16,justify
348,3.480000,-10.4779053,0.0253879149,0.0677594094,-1.05914951,16,justify
349,3.490000,-16.1016731,0.0212223623,-0.484684031,-1.09744313,16,justify
350,3.500000,-19.3342648,0.0185381845,-0.802233419,-1.12211858,16,justify
351,3.510000,-23.895071,0.0155659821,-1.25025823,-1.14944183,16,justify
352,3.520000,-27.9452209,0.0110550122,-1.64811938,-1.19091085,16,justify
353,3.530000,-28.3508644,0.0106653459,-1.68796723,-1.19449302,16,justify
354,3.540000,-10.1955576,0.0223726053,0.0954954624,-1.08686903,16,justify
355,3.550000,-6.50366735,0.154678911,0.458163446,0.129413271,16,justify
356,3.560000,0.639267027,0.283501655,1.15984021,1.31367144,16,justify
357,3.570000,1.22705221,0.362052321,1.21758052,2.03578204,16,justify
358,3.580000,1.58327949,0.329445541,1.25257404,1.73603026,16,justify
359,3.590000,-1.90751672,0.24454248,0.90966026,0.95552256,16,justify
360,3.600000,-9.10122776,0.151620805,0.202995515,0.101300327,16,justify
361,3.610000,-17.7545757,0.0731098056,-0.647054745,-0.620445617,16,justify
362,3.620000,-22.0976925,0.0371325351,-1.07369511,-0.951182063,16,justify
363,3.630000,-24.084156,0.0304219257,-1.26883274,-1.01287221,16,justify
364,3.640000,-26.4249611,0.0285852887,-1.49877865,-1.02975628,16,justify
365,3.650000,-28.0432129,0.02578157,-1.65774549,-1.05553066,16,justify
366,3.660000,-23.5967731,0.0239072423,-1.22095533,-1.07276122,16,justify
367,3.670000,-20.0673065,0.118823014,-0.874242813,-0.200207395,16,justify
368,3.680000,-4.2910471,0.216880023,0.675517287,0.701223601,16,justify
369,3.690000,-3.74095154,0.272178173,0.729555201,1.20957549,16,justify
370,3.700000,-4.37407017,0.279621512,0.667361625,1.27800157,16,justify
371,3.710000,-3.68369532,0.289298981,0.735179691,1.36696585,16,justify
372,3.720000,-4.39080715,0.28085354,0.665717489,1.28932751,16,justify
373,3.730000,-3.94135499,0.28103289,0.709868832,1.29097627,16,justify
374,3.740000,-1.8323108,0.266175896,0.917048015,1.15439699,16,justify
375,3.750000,-0.399802268,0.247797847,1.05776861,0.985448916,16,justify
376,3.760000,2.6842947,0.269105762,1.36073082,1.18133104,16,justify
377,3.770000,4.29932976,0.283170342,1.51938166,1.31062571,,
378,3.780000,3.39544439,0.27252993,1.43058967,1.21280917,,
379,3.790000,2.59257317,0.227283478,1.35172067,0.796861805,,
380,3.800000,1.94355226,0.188077152,1.28796496,0.436440884,,
381,3.810000,-1.22487056,0.148345008,0.976719107,0.0711861637,,
382,3.820000,-5.91360283,0.110268831,0.516127658,-0.278845381,,
383,3.830000,-11.4359083,0.0774862021,-0.0263487599,-0.58021372,,
384,3.840000,-15.6906548,0.055671189,-0.444308182,-0.780757559,,
385,3.850000,-17.6974163,0.062994577,-0.641439764,-0.713434182,,
386,3.860000,-11.9661713,0.0584728755,-0.0784384433,-0.755001857,,
387,3.870000,-13.7391834,0.062525712,-0.252607962,-0.717744425,,
388,3.880000,-8.32369614,0.0647330582,0.279375311,-0.69745245,,
389,3.890000,-12.244379,0.0713467747,-0.105767819,-0.636653033,17,and
390,3.900000,-15.7664843,0.087526992,-0.451757193,-0.487909465,17,and
391,3.910000,-17.5718174,0.105373062,-0.62910172,-0.323851832,17,and
392,3.920000,-19.1934166,0.120337754,-0.788397385,-0.186282497,17,and
393,3.930000,-18.6494198,0.123498872,-0.734958574,-0.157222573,17,and
394,3.940000,-19.7275505,0.121746987,-0.840867328,-0.173327524,17,and
395,3.950000,-20.2386017,0.115069456,-0.891069768,-0.234713581,17,and
396,3.960000,-22.0258255,0.108405247,-1.06663535,-0.295977173,17,and
397,3.970000,-21.4911575,0.100037925,-1.01411294,-0.372897363,,
398,3.980000,-21.3082352,0.0892906189,-0.996143807,-0.47169657,,
399,3.990000,-20.066988,0.0808530971,-0.874211523,-0.549262098,,
400,4.000000,-12.4237881,0.0791871175,-0.123391828,-0.564577328,,
401,4.010000,-11.0224915,0.0813559294,0.014262702,-0.544639597,18,maintain
402,4.020000,-9.13965511,0.0893361717,0.199220654,-0.471277806,18,maintain
403,4.030000,-8.77129936,0.0971518084,0.235405597,-0.399429223,18,maintain
404,4.040000,-10.5104694,0.105802268,0.0645605117,-0.319906176,18,maintain
405,4.050000,-11.0315428,0.105562232,0.0133735572,-0.322112803,18,maintain
406,4.060000,-11.779563,0.100407988,-0.0601072209,-0.369495401,18,maintain
407,4.070000,-13.4969378,0.0965094268,-0.228811276,-0.405334591,18,maintain
408,4.080000,-13.414278,0.0975618586,-0.220691307,-0.395659662,18,maintain
409,4.090000,-18.6079807,0.112404741,-0.730887863,-0.259210114,18,maintain
410,4.100000,-17.4285564,0.113079235,-0.615028669,-0.253009543,18,maintain
411,4.110000,-19.8846607,0.0915145949,-0.856300843,-0.45125172,18,maintain
412,4.120000,-26.6683502,0.0607474595,-1.52268766,-0.73409177,18,maintain
413,4.130000,-32.9639015,0.0404719263,-2.14112286,-0.920483281,18,maintain
414,4.140000,-38.7536964,0.0382279679,-2.70987576,-0.941111829,18,maintain
415,4.150000,-17.294529,0.0491879545,-0.601862655,-0.840357464,18,maintain
416,4.160000,2.63778043,0.0524572916,1.35616155,-0.810302685,18,maintain
417,4.170000,-5.7167635,0.0535586886,0.535463911,-0.800177622,18,maintain
418,4.180000,-5.08637714,0.043777246,0.597389086,-0.890097716,18,maintain
419,4.190000,-3.38130832,0.0521899872,0.76488428,-0.812759995,18,maintain
420,4.200000,-3.08661127,0.0543702245,0.793833457,-0.792717231,18,maintain
421,4.210000,-4.11987829,0.0553742982,0.69233183,-0.783486854,18,maintain
422,4.220000,-3.47712946,0.0618773773,0.755471416,-0.723704518,18,maintain
423,4.230000,-1.73936427,0.147554979,0.926178495,0.0639234772,18,maintain
424,4.240000,0.49397099,0.228296816,1.14556725,0.806177353,18,maintain
425,4.250000,-0.196158469,0.285921186,1.07777329,1.33591402,18,maintain
426,4.260000,-0.702517748,0.293109089,1.02803175,1.40199189,18,maintain
427,4.270000,-0.807635963,0.281999588,1.0177056,1.29986305,18,maintain
428,4.280000,-1.54975259,0.277746171,0.944804748,1.26076169,18,maintain
429,4.290000,-1.27108157,0.284107596,0.97217963,1.31924181,18,maintain
430,4.300000,-3.50167656,0.269553185,0.753060064,1.18544416,18,maintain
431,4.310000,-4.71114922,0.218913823,0.634249108,0.719920177,18,maintain
432,4.320000,-3.8017385,0.203762308,0.723583874,0.580633389,18,maintain
433,4.330000,-2.0991087,0.243665278,0.890839474,0.947458509,18,maintain
434,4.340000,-1.85635722,0.246796548,0.914685846,0.976244052,18,maintain
435,4.350000,-3.08314133,0.235707775,0.794174322,0.874305758,18,maintain
436,4.360000,-2.78615451,0.219280288,0.823348432,0.723289056,18,maintain
437,4.370000,-1.64817441,0.238614842,0.935136411,0.901030219,18,maintain
438,4.380000,-1.50562012,0.23760204,0.949140044,0.891719603,18,maintain
439,4.390000,-3.32896662,0.240801096,0.770025998,0.921128291,18,maintain
440,4.400000,-3.91350746,0.22237891,0.712604397,0.751774464,18,maintain
441,4.410000,-5.96151686,0.213062271,0.511420887,0.666127283,,
442,4.420000,-8.76946163,0.171075061,0.235586124,0.280141893,,
443,4.430000,-13.7318554,0.133584455,-0.251888102,-0.0645065405,,
444,4.440000,-15.4963884,0.126728788,-0.425224685,-0.127530188,,
445,4.450000,-14.6863289,0.135790065,-0.345649551,-0.0442305247,,
446,4.460000,-13.784214,0.122862123,-0.257031483,-0.163076161,,
447,4.470000,-14.1917429,0.100945003,-0.297064546,-0.364558657,,
448,4.480000,-15.4991484,0.0886530578,-0.425495804,-0.477557623,,
449,4.490000,-20.4332943,0.0872821063,-0.910195141,-0.490160681,,
450,4.500000,-25.3591881,0.0742942318,-1.39408384,-0.609557272,,
451,4.510000,-30.1054344,0.0602119677,-1.86032511,-0.739014508,,
452,4.520000,-31.9841251,0.0355462246,-2.04487582,-0.965764901,,
453,4.530000,-31.7653732,0.0340636484,-2.02338701,-0.979394117,,
454,4.540000,-23.9837646,0.0894830525,-1.25897093,-0.469927542,,
455,4.550000,-14.2551746,0.14298299,-0.30329568,0.0218935112,19,the
456,4.560000,-8.94874096,0.167062134,0.217974855,0.243251341,19,the
457,4.570000,-7.53721189,0.149811521,0.356634557,0.0846677087,19,the
458,4.580000,-9.76189804,0.138986573,0.138095438,-0.0148452606,19,the
459,4.590000,-15.7557631,0.109873004,-0.45070401,-0.28248419,19,the
460,4.600000,-24.4832096,0.077893436,-1.30803325,-0.576470049,19,the
461,4.610000,-24.2247066,0.0447837226,-1.28263955,-0.88084525,19,the
462,4.620000,-26.6348209,0.0384291485,-1.51939396,-0.93926239,19,the
463,4.630000,-33.8232536,0.0251342338,-2.22554019,-1.06148158,,
464,4.640000,-26.0392857,0.056616284,-1.46089233,-0.772069369,,
465,4.650000,3.09867191,0.0887603611,1.40143662,-0.476571192,,
466,4.660000,1.07110822,0.132761016,1.20226156,-0.0720763481,,
467,4.670000,0.706197321,0.143250942,1.16641502,0.0243567809,,
468,4.680000,2.05968952,0.173068881,1.29937355,0.298470936,,
469,4.690000,0.0602153167,0.175258785,1.10295783,0.31860257,,
470,4.700000,-8.41937447,0.117397681,0.269976477,-0.213310382,,
471,4.710000,-17.8645115,0.0608937927,-0.65785414,-0.732746541,20,economic
472,4.720000,-22.3114758,0.0243195649,-1.09469583,-1.06897077,20,economic
473,4.730000,-26.0673065,0.0195125192,-1.46364492,-1.1131616,20,economic
474,4.740000,-28.5844345,0.0141338138,-1.71091168,-1.16260765,20,economic
475,4.750000,-30.3532047,0.0109413527,-1.8846645,-1.19195571,20,economic
476,4.760000,-18.1512547,0.0329764932,-0.686021977,-0.989388256,20,economic
477,4.770000,-11.5814381,0.0357510448,-0.0406446833,-0.963882004,20,economic
478,4.780000,-8.84518051,0.146538273,0.22814798,0.0545769704,20,economic
479,4.790000,0.59954077,0.205596447,1.15593776,0.597494498,20,economic
480,4.800000,1.651842,0.258731991,1.25930918,1.08596571,20,economic
481,4.810000,0.395853966,0.255586594,1.13592885,1.05705031,20,economic
482,4.820000,-5.13186932,0.241571382,0.592920222,0.928209472,20,economic
483,4.830000,-6.40261793,0.254547924,0.468089903,1.04750189,20,economic
484,4.840000,-6.3147974,0.257730633,0.476716837,1.0767603,20,economic
485,4.850000,-0.282235861,0.26156801,1.06931759,1.11203703,20,economic
486,4.860000,1.3402673,0.238536134,1.22870205,0.900306663,20,economic
487,4.870000,1.04522491,0.229668543,1.19971895,0.818787534,20,economic
488,4.880000,0.824441791,0.228821903,1.17803061,0.811004441,20,economic
489,4.890000,0.976273656,0.224739149,1.19294562,0.773471976,20,economic
490,4.900000,1.59580958,0.220160484,1.25380491,0.731380641,20,economic
491,4.910000,1.28308845,0.212761104,1.22308516,0.663358673,20,economic
492,4.920000,0.334266633,0.225576758,1.1298789,0.781172057,20,economic
493,4.930000,-2.137326,0.203393742,0.887085247,0.577245195,20,economic
494,4.940000,-6.89449501,0.170239642,0.419771005,0.272461949,20,economic
495,4.950000,-8.82599831,0.162871286,0.230032318,0.204725185,20,economic
496,4.960000,-10.7913675,0.178125769,0.0369668568,0.344958541,20,economic
497,4.970000,-9.41272163,0.181772262,0.172396324,0.378480487,20,economic
498,4.980000,-9.86816502,0.186665863,0.127656442,0.423467007,20,economic
499,4.990000,-9.39712429,0.189926609,0.173928508,0.453442814,20,economic
500,5.000000,-1.97666383,0.207395419,0.902867685,0.614032322,20,economic
501,5.010000,-0.389794558,0.218692467,1.0587517,0.71788526,20,economic
502,5.020000,0.242388383,0.206958637,1.12085336,0.610017009,20,economic
503,5.030000,-2.3521409,0.18551147,0.865983188,0.412854756,20,economic
504,5.040000,-7.08879423,0.162274718,0.400684276,0.199240979,20,economic
505,5.050000,-14.625021,0.122981504,-0.339627049,-0.161978703,20,economic
506,5.060000,-20.9019661,0.0714562088,-0.956234499,-0.635647012,20,economic
507,5.070000,-24.9320755,0.0366862714,-1.352127,-0.955284533,,
508,5.080000,-27.9519348,0.0346340314,-1.64877891,-0.974150628,,
509,5.090000,-31.0446186,0.0333540887,-1.95258463,-0.985917048,,
510,5.100000,-8.20997334,0.0491323769,0.290546721,-0.840868385,,
511,5.110000,-7.63231659,0.0959706753,0.347292072,-0.410287294,,
512,5.120000,-6.49048281,0.124790147,0.459458612,-0.145351975,,
513,5.130000,-5.9961257,0.124329127,0.508021133,-0.149590095,,
514,5.140000,-8.68537235,0.10124331,0.243846524,-0.361816348,,
515,5.150000,-12.9502411,0.0822244957,-0.175107248,-0.53665493,21,and
516,5.160000,-17.5682125,0.0864386857,-0.628747599,-0.497914186,21,and
517,5.170000,-23.3748302,0.0828998908,-1.19915306,-0.530446071,21,and
518,5.180000,-26.7646141,0.0739440545,-1.53214402,-0.612776427,21,and
519,5.190000,-29.5595379,0.0620158575,-1.80669968,-0.722431479,21,and
520,5.200000,-29.8767109,0.0566350482,-1.83785675,-0.77189687,21,and
521,5.210000,-29.9136772,0.0469310246,-1.84148809,-0.861105257,,
522,5.220000,-35.1179657,0.0350514241,-2.35272453,-0.970313567,,
523,5.230000,-38.5894318,0.0243611149,-2.69373943,-1.06858881,,
524,5.240000,-38.5016747,0.0231727362,-2.68511873,-1.07951349,,
525,5.250000,-13.3842773,0.0264320429,-0.217744229,-1.04955091,22,political
526,5.260000,-10.3565893,0.0270738117,0.0796767229,-1.04365118,22,political
527,5.270000,-19.1605072,0.021253271,-0.785164574,-1.09715899,22,political
528,5.280000,-22.7004051,0.0184677541,-1.13290179,-1.12276605,22,political
529,5.290000,-20.8290081,0.0564451851,-0.949067566,-0.773642268,22,political
530,5.300000,-17.8584232,0.115453303,-0.657256068,-0.231184908,22,political
531,5.310000,-16.1906548,0.162981927,-0.493425024,0.205742301,22,political
532,5.320000,-16.022665,0.168277219,-0.476922774,0.254421533,22,political
533,5.330000,-17.2686996,0.128330588,-0.599325346,-0.112804954,22,political
534,5.340000,-18.2653732,0.0901198015,-0.697232265,-0.464073955,22,political
535,5.350000,-8.93743706,0.157651275,0.219085279,0.156738002,22,political
536,5.360000,-2.35336041,0.219222888,0.865863391,0.722761389,22,political
537,5.370000,0.13493678,0.250218183,1.11029799,1.00769889,22,political
538,5.380000,1.20988953,0.24257496,1.21589456,0.937435295,22,political
539,5.390000,0.593390465,0.220315024,1.15533359,0.732801315,22,political
540,5.400000,-3.47028542,0.170210794,0.756143732,0.272196745,22,political
541,5.410000,-5.40774012,0.128304914,0.565820417,-0.113040979,22,political
542,5.420000,-6.62367249,0.136371136,0.446374899,-0.038888783,22,political
543,5.430000,-8.48101807,0.138953179,0.263920999,-0.0151522447,22,political
544,5.440000,-12.6526356,0.117056236,-0.145872362,-0.216449263,22,political
545,5.450000,-17.0643482,0.0847575441,-0.579251153,-0.513368799,22,political
546,5.460000,-23.2025318,0.0593087487,-1.18222755,-0.747317735,22,political
547,5.470000,-26.5668945,0.0440649055,-1.51272129,-0.887453284,22,political
548,5.480000,-31.456728,0.0347067676,-1.99306765,-0.973481968,22,political
549,5.490000,-36.2167358,0.0225870162,-2.46066077,-1.08489797,22,political
550,5.500000,-36.1179008,0.0211307798,-2.45095184,-1.09828504,22,political
551,5.510000,-34.9058342,0.0205523334,-2.33188607,-1.10360266,22,political
552,5.520000,-32.2705727,0.0167859476,-2.07301462,-1.13822677,22,political
553,5.530000,-30.1093903,0.0152375624,-1.8607137,-1.15246096,22,political
554,5.540000,-23.7925072,0.0816779211,-1.240183,-0.54167955,22,political
555,5.550000,-17.3457203,0.128028914,-0.606891368,-0.115578221,22,political
556,5.560000,-19.8034744,0.142888665,-0.848325614,0.0210263943,22,political
557,5.570000,-22.3825264,0.0978775769,-1.10167539,-0.392757286,22,political
558,5.580000,-30.8708019,0.0455653109,-1.93550998,-0.873660165,22,political
559,5.590000,-34.1738281,0.0272274017,-2.25997841,-1.04223924,22,political
560,5.600000,-36.4044571,0.0248593818,-2.47910132,-1.06400827,22,political
561,5.610000,-38.9768906,0.0202785078,-2.73180094,-1.10611992,,
562,5.620000,-38.8242493,0.0170858745,-2.71680642,-1.13546957,,
563,5.630000,-29.9408722,0.0252847094,-1.84415955,-1.06009827,,
564,5.640000,-9.74657249,0.0389626287,0.139600923,-0.934358145,,
565,5.650000,-6.20161772,0.113708228,0.487834895,-0.247227256,,
566,5.660000,0.199711964,0.122470379,1.1166611,-0.166677436,,
567,5.670000,-1.26107919,0.120981894,0.9731622,-0.180360965,23,power
568,5.680000,-1.10595119,0.10411492,0.988400996,-0.335417843,23,power
569,5.690000,-0.937568724,0.102299221,1.00494183,-0.352109433,23,power
570,5.700000,-1.10064578,0.0958852619,0.988922166,-0.411072494,23,power
571,5.710000,0.72496891,0.142851889,1.16825902,0.0206883146,23,power
572,5.720000,0.525613666,0.20728758,1.14867562,0.61304096,23,power
573,5.730000,-1.98725462,0.249469817,0.901827312,1.00081921,23,power
574,5.740000,-2.47749758,0.256822169,0.85366894,1.06840886,23,power
575,5.750000,-3.57912493,0.265059948,0.745452025,1.14413816,23,power
576,5.760000,-1.98826003,0.285254657,0.901728547,1.32978667,23,power
577,5.770000,-2.67207789,0.309948683,0.834554598,1.55679706,23,power
578,5.780000,-3.5836494,0.320559651,0.74500757,1.65434292,23,power
579,5.790000,-4.96028614,0.334765345,0.60977547,1.78493484,23,power
580,5.800000,-5.22976685,0.331954867,0.583303387,1.75909831,23,power
581,5.810000,-5.8010416,0.334593773,0.527184962,1.78335759,23,power
582,5.820000,-7.8011322,0.308639705,0.330708692,1.54476372,23,power
583,5.830000,-8.27508354,0.316854268,0.284150706,1.62027961,23,power
584,5.840000,-7.98162985,0.304304391,0.312977743,1.50490949,23,power
585,5.850000,-6.92861032,0.31105125,0.416419732,1.56693287,23,power
586,5.860000,-6.67137957,0.324911147,0.441688457,1.69434591,23,power
587,5.870000,-4.55819654,0.324838638,0.649274213,1.69367934,23,power
588,5.880000,-3.06366491,0.281653076,0.796087562,1.29667759,23,power
589,5.890000,-4.62334919,0.252912253,0.642874028,1.03246528,23,power
590,5.900000,-5.19137001,0.210636035,0.58707525,0.643823063,23,power
591,5.910000,-8.71301079,0.195130214,0.241131499,0.501279176,23,power
592,5.920000,-9.72784042,0.166880205,0.141441044,0.241578888,23,power
593,5.930000,-11.228446,0.152674615,-0.00596897261,0.110987927,23,power
594,5.940000,-12.4586973,0.128636017,-0.126821093,-0.109997166,23,power
595,5.950000,-13.0956736,0.108978026,-0.189393616,-0.290711664,,
596,5.960000,-13.983654,0.0931590423,-0.276623209,-0.436134434,,
597,5.970000,-18.0790386,0.0627005622,-0.67892793,-0.716137039,,
598,5.980000,-19.1310635,0.0362785533,-0.782272207,-0.959032656,,
599,5.990000,-18.2655582,0.0287567936,-0.69725044,-1.02817965,,
600,6.000000,-14.5942736,0.0311396047,-0.336606617,-1.00627464,,
601,6.010000,-13.8226175,0.0321434513,-0.260804001,-0.99704635,,
602,6.020000,-11.0193453,0.0405672453,0.014571762,-0.919607021,,
603,6.030000,-9.98184109,0.0500906855,0.116489622,-0.832058724,,
604,6.040000,-9.35092258,0.0552833304,0.178467072,-0.784323115,,
605,6.050000,-9.06960869,0.0593359768,0.206101573,-0.747067429,24,held
606,6.060000,-8.57308102,0.0664846897,0.254877316,-0.681349828,24,held
607,6.070000,-8.42522526,0.0901497453,0.269401732,-0.463798683,24,held
608,6.080000,-8.00234318,0.0822080672,0.310942997,-0.536805956,24,held
609,6.090000,-11.4898338,0.0703495517,-0.0316460619,-0.645820431,24,held
610,6.100000,-2.38857293,0.166178808,0.862404335,0.23513099,24,held
611,6.110000,2.50603533,0.257375062,1.34321974,1.07349156,24,held
612,6.120000,3.23498893,0.28792128,1.41482754,1.35430073,24,held
613,6.130000,2.18148637,0.279051274,1.3113381,1.27275941,24,held
614,6.140000,1.45888484,0.253780961,1.24035429,1.04045125,24,held
615,6.150000,-0.298266947,0.244268417,1.0677428,0.953003126,24,held
616,6.160000,-1.29183149,0.259475112,0.970141288,1.09279717,24,held
617,6.170000,-1.45525503,0.261347741,0.954087592,1.11001211,24,held
618,6.180000,-3.27177978,0.267689407,0.775643672,1.16831059,24,held
619,6.190000,-6.8796277,0.23317574,0.421231475,0.851028942,24,held
620,6.200000,-12.871685,0.174166247,-0.167390397,0.308558945,24,held
621,6.210000,-17.9994488,0.117631674,-0.671109526,-0.211159301,24,held
622,6.220000,-22.4963036,0.0953545272,-1.11285214,-0.415951499,24,held
623,6.230000,-26.7742271,0.0703649744,-1.53308834,-0.645678651,,
624,6.240000,-28.676651,0.0423062369,-1.71997045,-0.903620597,,
625,6.250000,-29.4468594,0.0339796171,-1.79563085,-0.980166611,,
626,6.260000,-31.780571,0.0345789045,-2.02487995,-0.974657405,,
627,6.270000,-23.3481979,0.0295255743,-1.19653687,-1.0211123,,
628,6.280000,-8.11328411,0.120476052,0.30004486,-0.185011137,,
629,6.290000,-0.493443847,0.181604445,1.04856985,0.376937759,25,by
630,6.300000,-1.15666687,0.189156637,0.983419007,0.44636451,25,by
631,6.310000,-2.935148,0.164640233,0.808712252,0.220986984,25,by
632,6.320000,-2.29623485,0.18845953,0.871475046,0.439956064,25,by
633,6.330000,-1.51678526,0.194293872,0.948043251,0.493590739,25,by
634,6.340000,-4.09819269,0.175338462,0.694462086,0.31933503,25,by
635,6.350000,-6.2309804,0.1403393,0.48495049,-0.00240973531,,
636,6.360000,-13.5859003,0.108462952,-0.237550396,-0.295446697,,
637,6.370000,-21.3432312,0.078223221,-0.999581596,-0.573438359,,
638,6.380000,-22.3579483,0.0653590783,-1.099261,-0.691697492,,
639,6.390000,-16.5054417,0.0602128729,-0.524347702,-0.739006187,26,those
640,6.400000,-14.4084101,0.075714767,-0.318348561,-0.596498395,26,those
641,6.410000,-2.87750554,0.139621362,0.814374683,-0.00900968694,26,those
642,6.420000,-1.62536287,0.178119302,0.937377272,0.344899089,26,those
643,6.430000,-2.01112604,0.190646127,0.899482334,0.460057286,26,those
644,6.440000,-3.47629547,0.205490947,0.755553342,0.596524643,26,those
645,6.450000,-5.46446371,0.184256762,0.560248249,0.40132032,26,those
646,6.460000,-7.2250061,0.154387817,0.387303682,0.126737263,26,those
647,6.470000,-6.97003365,0.152690142,0.412350566,0.111130665,26,those
648,6.480000,-7.24229145,0.145858601,0.385605679,0.048328797,26,those
649,6.490000,-8.85745811,0.13254267,0.226941905,-0.0740835936,26,those
650,6.500000,-8.46684361,0.121997833,0.265313408,-0.171021513,26,those
651,6.510000,-9.27272701,0.104836904,0.186148511,-0.3287807,26,those
652,6.520000,-12.4366808,0.0856276304,-0.124658328,-0.505370159,26,those
653,6.530000,-13.7312317,0.0586649254,-0.251826833,-0.753236356,26,those
654,6.540000,-13.7658472,0.045384232,-0.255227243,-0.875324811,26,those
655,6.550000,-11.4739447,0.0362872072,-0.0300852104,-0.958953102,,
656,6.560000,-10.4919024,0.0324760489,0.0663844249,-0.993988804,,
657,6.570000,-10.1031485,0.106296621,0.104573152,-0.31536162,,
658,6.580000,-3.73070574,0.145415261,0.730561684,0.0442532104,,
659,6.590000,-4.83931017,0.161576629,0.621659385,0.192823491,,
660,6.600000,-10.1455402,0.122408234,0.100408852,-0.167248733,,
661,6.610000,-19.9825611,0.0871532857,-0.865917959,-0.491344919,27,of
662,6.620000,-21.3530979,0.0682725534,-1.00055084,-0.664914127,27,of
663,6.630000,-20.8127899,0.0528194606,-0.947474394,-0.806973291,27,of
664,6.640000,-24.312561,0.0306236073,-1.29126981,-1.01101817,27,of
665,6.650000,-27.4808655,0.0249371193,-1.60250403,-1.06329364,,
666,6.660000,-29.2225037,0.0258355476,-1.77359157,-1.05503445,,
667,6.670000,-24.5135403,0.0224391408,-1.31101274,-1.08625737,,
668,6.680000,-21.1778011,0.0193014666,-0.983330791,-1.11510179,,
669,6.690000,-17.7589989,0.0168277789,-0.647489246,-1.13784222,,
670,6.700000,-16.0783978,0.068247281,-0.482397605,-0.665146454,,
671,6.710000,-5.81672192,0.143915251,0.525644628,0.0304637224,28,European
672,6.720000,-2.7078979,0.174670622,0.831035867,0.313195623,28,European
673,6.730000,-3.1533637,0.163162693,0.787276119,0.20740407,28,European
674,6.740000,-2.18239808,0.14892751,0.882657651,0.076541056,28,European
675,6.750000,-3.51756001,0.172409415,0.751499775,0.292408515,28,European
676,6.760000,-3.29998064,0.185349062,0.772873397,0.411361753,28,European
677,6.770000,-6.31115389,0.175180107,0.477074753,0.317879287,28,European
678,6.780000,-7.75339937,0.15047437,0.335397664,0.0907612257,28,European
679,6.790000,-10.2291403,0.13428396,0.0921965113,-0.0580760397,28,European
680,6.800000,-14.0470181,0.109868892,-0.282847691,-0.282521998,28,European
681,6.810000,-18.4175892,0.0793884248,-0.712185,-0.562726725,28,European
682,6.820000,-22.6131554,0.0471422561,-1.12433093,-0.859163422,28,European
683,6.830000,-27.7832565,0.0290191434,-1.63220902,-1.02576789,28,European
684,6.840000,-32.2699814,0.0197145883,-2.07295653,-1.11130399,28,European
685,6.850000,-33.8587074,0.0203699991,-2.22902295,-1.10527884,28,European
686,6.860000,-37.140995,0.0190233737,-2.55145415,-1.11765827,28,European
687,6.870000,-13.4108133,0.0252281707,-0.220350957,-1.06061802,28,European
688,6.880000,-9.06916237,0.0259579625,0.206145416,-1.0539091,28,European
689,6.890000,-14.4532318,0.0235221442,-0.322751566,-1.0763014,28,European
690,6.900000,-17.2811298,0.0184417535,-0.60054641,-1.12300507,28,European
691,6.910000,-20.8775368,0.0146197956,-0.953834716,-1.15814005,28,European
692,6.920000,-20.7714729,0.0126689756,-0.943415674,-1.1760738,28,European
693,6.930000,-20.6825848,0.0459617488,-0.934683862,-0.87001574,28,European
694,6.940000,-17.0806503,0.0755635947,-0.580852569,-0.597888111,28,European
695,6.950000,-15.023881,0.0990906283,-0.378808534,-0.381605792,28,European
696,6.960000,-11.3224974,0.0981499031,-0.0152079844,-0.390253811,28,European
697,6.970000,-10.470212,0.0935420766,0.0685151497,-0.432613226,28,European
698,6.980000,-11.5050144,0.0832655728,-0.033137307,-0.527084383,28,European
699,6.990000,-11.7315454,0.0773935094,-0.0553902847,-0.581065837,28,European
700,7.000000,-9.89110565,0.0719493851,0.125402899,-0.631113279,28,European
701,7.010000,-9.91145897,0.0720418096,0.123403517,-0.630263627,28,European
702,7.020000,-11.1466551,0.0613838397,0.00206565127,-0.728241574,28,European
703,7.030000,-15.3339319,0.0671970546,-0.409265983,-0.674801109,28,European
704,7.040000,-20.2080078,0.0687643364,-0.888064419,-0.660393201,28,European
705,7.050000,-22.4667473,0.0643581972,-1.10994872,-0.700898521,28,European
706,7.060000,-25.5735245,0.0681467578,-1.41513889,-0.666070557,28,European
707,7.070000,-27.1873856,0.0637953877,-1.57367442,-0.706072387,,
708,7.080000,-30.3707733,0.057032641,-1.88639033,-0.768241828,,
709,7.090000,-35.0959091,0.0432749279,-2.35055783,-0.894715491,,
710,7.100000,-38.515522,0.0311146267,-2.686479,-1.00650426,,
711,7.110000,-6.64281893,0.0351275802,0.444494074,-0.969613469,,
712,7.120000,0.0174437761,0.0578573197,1.09875622,-0.760660617,,
713,7.130000,-8.03769493,0.079917334,0.307470264,-0.5578645,29,descent
714,7.140000,-10.540247,0.0859852359,0.0616353555,-0.502082717,29,descent
715,7.150000,-11.6262188,0.0711646155,-0.0450436595,-0.638327609,29,descent
716,7.160000,-10.2137947,0.0416304469,0.0937039635,-0.909833085,29,descent
717,7.170000,-9.59657001,0.0339612663,0.15433622,-0.980335308,29,descent
718,7.180000,-8.16430378,0.0391234681,0.29503301,-0.93287956,29,descent
719,7.190000,-8.11223793,0.068481341,0.30014763,-0.662994757,29,descent
720,7.200000,-9.28895664,0.079171434,0.184554215,-0.564721505,29,descent
721,7.210000,-14.0440426,0.0674089417,-0.2825554,-0.672853247,29,descent
722,7.220000,-16.2728882,0.0526656024,-0.501503117,-0.808387699,29,descent
723,7.230000,-18.3269939,0.0419017598,-0.703285495,-0.907338926,29,descent
724,7.240000,-19.0433846,0.0497548878,-0.773659185,-0.835145687,29,descent
725,7.250000,-11.4140749,0.0521994308,-0.0242039826,-0.812673181,29,descent
726,7.260000,-10.1166716,0.0487068892,0.103244728,-0.844779863,29,descent
727,7.270000,-3.39446807,0.116666503,0.763591549,-0.220032045,29,descent
728,7.280000,4.83523417,0.185582712,1.57202553,0.413509682,29,descent
729,7.290000,6.53895569,0.210474908,1.73938837,0.642341841,29,descent
730,7.300000,6.03825426,0.182948515,1.69020262,0.389293695,29,descent
731,7.310000,4.64313936,0.167874336,1.55315535,0.250717862,29,descent
732,7.320000,3.52537203,0.154164732,1.44335294,0.124686457,29,descent
733,7.330000,-0.674477518,0.124371424,1.03078624,-0.149201262,29,descent
734,7.340000,-1.76086688,0.0990672112,0.924066214,-0.381821064,29,descent
735,7.350000,-1.36454785,0.102066539,0.962998093,-0.354248458,29,descent
736,7.360000,-2.64075327,0.0906615332,0.837631731,-0.459093854,29,descent
737,7.370000,-5.35636234,0.0706102997,0.570867445,-0.643423394,29,descent
738,7.380000,-7.84310961,0.0607524589,0.326585097,-0.734045812,29,descent
739,7.390000,-9.92130089,0.0447949991,0.122436709,-0.880741586,29,descent
740,7.400000,-15.4011679,0.0317155346,-0.415870818,-1.00098016,29,descent
741,7.410000,-13.8488655,0.028648844,-0.263382437,-1.02917202,29,descent
742,7.420000,-18.1941071,0.0274589453,-0.690231527,-1.04011068,29,descent
743,7.430000,-26.9227676,0.0146407159,-1.54768002,-1.15794773,29,descent
744,7.440000,-30.5482025,0.0114342924,-1.90381985,-1.18742415,29,descent
745,7.450000,-29.4894905,0.0190336835,-1.79981867,-1.1175635,29,descent
746,7.460000,-28.3711338,0.0205526557,-1.68995837,-1.1035997,29,descent
747,7.470000,-32.1878471,0.0142312106,-2.06488818,-1.16171228,29,descent
748,7.480000,-34.8150787,0.00891232397,-2.32297082,-1.21060842,29,descent
749,7.490000,-36.466114,0.00524700759,-2.48515811,-1.24430341,29,descent
750,7.500000,-17.3565788,0.0259538777,-0.607958042,-1.05394665,29,descent
751,7.510000,-6.61492777,0.0294649042,0.447233925,-1.02167004,29,descent
752,7.520000,0.357358128,0.100898191,1.13214726,-0.364988996,29,descent
753,7.530000,6.01653719,0.148267493,1.68806928,0.0704735662,29,descent
754,7.540000,2.96336436,0.182636604,1.38814486,0.386426319,29,descent
755,7.550000,1.51171768,0.194078192,1.24554425,0.491608014,29,descent
756,7.560000,-6.99226379,0.219029978,0.410166817,0.720987977,29,descent
757,7.570000,-8.80840778,0.252680063,0.2317603,1.03033078,29,descent
758,7.580000,-9.04088879,0.257369697,0.208922835,1.07344224,29,descent
759,7.590000,-10.5100203,0.249631628,0.0646046364,1.00230674,29,descent
760,7.600000,-11.7271833,0.24117516,-0.0549617789,0.924567033,29,descent
761,7.610000,-11.2986898,0.281395882,-0.0128692834,1.29431323,29,descent
762,7.620000,-10.4395428,0.333684832,0.0715278995,1.77500176,29,descent
763,7.630000,-10.1074677,0.360270411,0.104148862,2.01940106,29,descent
764,7.640000,-3.00910521,0.34510079,0.801447163,1.87994784,29,descent
765,7.650000,5.310853,0.340723723,1.61874732,1.83970978,29,descent
766,7.660000,6.52139711,0.351452619,1.73766353,1.93833974,29,descent
767,7.670000,8.07834339,0.393793523,1.8906081,2.32757661,29,descent
768,7.680000,7.46618462,0.405485153,1.83047348,2.43505692,29,descent
769,7.690000,7.45881701,0.396906734,1.82974974,2.35619613,29,descent
770,7.700000,3.58502269,0.402539968,1.44921265,2.40798205,29,descent
771,7.710000,1.16340041,0.438267738,1.21132777,2.73642485,29,descent
772,7.720000,1.45590639,0.403317958,1.24006171,2.41513405,29,descent
773,7.730000,-1.51627219,0.296398103,0.948093652,1.43222756,29,descent
774,7.740000,-8.02887058,0.189725891,0.308337112,0.451597622,29,descent
775,7.750000,-11.1211805,0.117236838,0.00456811003,-0.214789001,29,descent
776,7.760000,-8.87436962,0.127773866,0.225280626,-0.117922861,29,descent
777,7.770000,-1.55925488,0.331123084,0.943871303,1.7514518,29,descent
778,7.780000,3.29900002,0.438941479,1.42111559,2.7426185,,
779,7.790000,2.49430656,0.476444155,1.34206758,3.0873779,,
780,7.800000,1.14524007,0.49451977,1.20954381,3.25354572,,
781,7.810000,0.511392891,0.455505103,1.14727866,2.8948867,,
782,7.820000,-0.762531877,0.407200843,1.02213634,2.45082914,,
783,7.830000,0.417982131,0.367400974,1.13810258,2.08495182,,
784,7.840000,0.55515343,0.395872265,1.15157742,2.34668634,,
785,7.850000,-0.385558546,0.350148916,1.05916782,1.9263549,,
786,7.860000,-4.62072897,0.301683128,0.643131422,1.48081241,,
787,7.870000,-4.76909781,0.29109624,0.628556605,1.38348792,,
788,7.880000,-5.97905684,0.342491925,0.50969787,1.85596473,,
789,7.890000,-5.09900999,0.384653836,0.596148115,2.24355613,,
790,7.900000,-5.42701387,0.347951293,0.563927085,1.90615231,,
791,7.910000,-7.22314453,0.300600439,0.387486551,1.47085933,,
